Workbook

Sheet Статистика
A1: Объект: | C1: Название объекта
A2: Период замеров: | C2: с 03.07.2026 15:23 по 14.08.2026 14:59
A4: График мощности: | C4: Параллельный режим (активная мощность) | H4: Увеличить мощность: | J4: 0 | K4: =IF($C$4="Параллельный режим (активная мощность)","кВт","кВА") -> кВт
A6: Порог | B6: 8400 | C6: Выкл | D6: Порог | E6: 0 | F6: Вкл | G6: Порог | H6: 0 | I6: Выкл | J6: Порог | K6: 0 | L6: Выкл | M6: Выкл | N6: Порог | O6: 0 | P6: =IF($C$4="Параллельный режим (активная мощность)","кВт","кВА") -> кВт
A8: Медиана | B8: Вкл | C8: 0.5 | D8: Вкл | E8: 0.9 | F8: Вкл | G8: 0.99 | H8: Вкл | I8: Максимум | J8: Выкл
B10: Нижнее значение оси: | C10: 6000 | D10: =IF($C$4="Параллельный режим (активная мощность)","кВт","кВА") -> кВт | F10: Верхнее значение оси: | G10: 9000 | H10: =IF($C$4="Параллельный режим (активная мощность)","кВт","кВА") -> кВт
I13: ="Будние дни — "&IF($C$4="Параллельный режим (активная мощность)","Активная мощность, кВт","Полная мощность, кВА") -> Будние дни — Активная мощность, кВт
A14: =$C$10+(1)*($G$10-$C$10) -> 9000
A18: =$C$10+(0.8)*($G$10-$C$10) -> 8400
A22: =$C$10+(0.6)*($G$10-$C$10) -> 7800
A26: =$C$10+(0.4)*($G$10-$C$10) -> 7200
A30: =$C$10+(0.199999999999999)*($G$10-$C$10) -> 6600
A34: =$C$10+(0)*($G$10-$C$10) -> 6000
I38: ="Выходные/праздничные дни — "&IF($C$4="Параллельный режим (активная мощность)","Активная мощность, кВт","Полная мощность, кВА") -> Выходные/праздничные дни — Активная мощность, кВт
A39: =$C$10+(1)*($G$10-$C$10) -> 9000
A43: =$C$10+(0.8)*($G$10-$C$10) -> 8400
A47: =$C$10+(0.6)*($G$10-$C$10) -> 7800
A51: =$C$10+(0.4)*($G$10-$C$10) -> 7200
A55: =$C$10+(0.199999999999999)*($G$10-$C$10) -> 6600
A59: =$C$10+(0)*($G$10-$C$10) -> 6000

Sheet Данные
A1: time | B1: P0.5 | C1: P2.5 | D1: P5 | E1: P25 | F1: P50 | G1: P75 | H1: P95 | I1: P97.5 | J1: P99.5 | K1: Pmax | L1: Pmax_datetime | M1: S0.5 | N1: S2.5 | O1: S5 | P1: S25 | Q1: S50 | R1: S75 | S1: S95 | T1: S97.5 | U1: S99.5 | V1: Smax | W1: Smax_datetime | Y1: time | Z1: P0.5 | AA1: P2.5 | AB1: P5 | AC1: P25 | AD1: P50 | AE1: P75 | AF1: P95 | AG1: P97.5 | AH1: P99.5 | AI1: Pmax | AJ1: Pmax_datetime | AK1: S0.5 | AL1: S2.5 | AM1: S5 | AN1: S25 | AO1: S50 | AP1: S75 | AQ1: S95 | AR1: S97.5 | AS1: S99.5 | AT1: Smax | AU1: Smax_datetime | AW1: Base | AX1: Band99_L | AY1: Band90_L | AZ1: Band50_L | BA1: Band50_U | BB1: Band90_U | BC1: Band99_U | BD1: ScaleTop | BE1: Median | BF1: 50_low | BG1: 50_high | BH1: 90_low | BI1: 90_high | BJ1: 99_low | BK1: 99_high | BL1: Max | BM1: Thr1 | BN1: Thr2 | BO1: Thr3 | BP1: Thr4 | BQ1: Thr5 | BR1: ScaleAnchor | BS1: GlobalScale | BT1: Base | BU1: Band99_L | BV1: Band90_L | BW1: Band50_L | BX1: Band50_U | BY1: Band90_U | BZ1: Band99_U | CA1: ScaleTop | CB1: Median | CC1: 50_low | CD1: 50_high | CE1: 90_low | CF1: 90_high | CG1: 99_low | CH1: 99_high | CI1: Max | CJ1: Thr1 | CK1: Thr2 | CL1: Thr3 | CM1: Thr4 | CN1: Thr5 | CO1: ScaleAnchor
A2: 00:00 | B2: 2290.8497 | C2: 5613.8082 | D2: 7292.5853 | E2: 7621.1168 | F2: 7783.1093 | G2: 8076.8638 | H2: 8192.4126 | I2: 8281.9745 | J2: 8387.7881 | K2: 8499.35 | L2: 2026-07-08 00:00:00 | M2: 2840.8337 | N2: 6475.0355 | O2: 8299.629 | P2: 8689.133 | Q2: 8838.2227 | R2: 9074.0189 | S2: 9271.3581 | T2: 9345.0996 | U2: 9495.5733 | V2: 9623.24 | W2: 2026-07-08 00:00:00 | Y2: 00:00 | Z2: 7495.6794 | AA2: 7526.6007 | AB2: 7565.2523 | AC2: 7688.2531 | AD2: 7754.8011 | AE2: 7843.0706 | AF2: 8347.9849 | AG2: 8406.5495 | AH2: 8453.4011 | AI2: 8794.16 | AJ2: 2026-07-05 00:01:50 | AK2: 8510.6417 | AL2: 8545.8975 | AM2: 8589.9673 | AN2: 8737.407 | AO2: 8825.2686 | AP2: 8909.6073 | AQ2: 9444.1711 | AR2: 9509.9538 | AS2: 9562.5799 | AT2: 10021.62 | AU2: 2026-07-05 00:01:49 | AW2: =IF(A2="","",MAX(0,MIN(1,(((IF(Статистика!$C$4="Параллельный режим (активная мощность)",B2,M2)+Статистика!$J$4))-Статистика!$C$10)/MAX(Статистика!$G$10-Статистика!$C$10,0.000001)))) -> 0 | AX2: =IF(A2="","",MAX(0,MAX(0,MIN(1,(((IF(Статистика!$C$4="Параллельный режим (активная мощность)",D2,O2)+Статистика!$J$4))-Статистика!$C$10)/MAX(Статистика!$G$10-Статистика!$C$10,0.000001)))-MAX(0,MIN(1,(((IF(Статистика!$C$4="Параллельный режим (активная мощность)",B2,M2)+Статистика!$J$4))-Статистика!$C$10)/MAX(Статистика!$G$10-Статистика!$C$10,0.000001))))) -> 0.43086176 | AY2: =IF(A2="","",MAX(0,MAX(0,MIN(1,(((IF(Статистика!$C$4="Параллельный режим (активная мощность)",E2,P2)+Статистика!$J$4))-Статистика!$C$10)/MAX(Статистика!$G$10-Статистика!$C$10,0.000001)))-MAX(0,MIN(1,(((IF(Статистика!$C$4="Параллельный режим (активная мощность)",D2,O2)+Статистика!$J$4))-Статистика!$C$10)/MAX(Статистика!$G$10-Статистика!$C$10,0.000001))))) -> 0.10951053 | AZ2: =IF(A2="","",MAX(0,MAX(0,MIN(1,(((IF(Статистика!$C$4="Параллельный режим (активная мощность)",F2,Q2)+Статистика!$J$4))-Статистика!$C$10)/MAX(Статистика!$G$10-Статистика!$C$10,0.000001)))-MAX(0,MIN(1,(((IF(Статистика!$C$4="Параллельный режим (активная мощность)",E2,P2)+Статистика!$J$4))-Статистика!$C$10)/MAX(Статистика!$G$10-Статистика!$C$10,0.000001))))) -> 0.053997486 | BA2: =IF(A2="","",MAX(0,MAX(0,MIN(1,(((IF(Статистика!$C$4="Параллельный режим (активная мощность)",G2,R2)+Статистика!$J$4))-Статистика!$C$10)/MAX(Статистика!$G$10-Статистика!$C$10,0.000001)))-MAX(0,MIN(1,(((IF(Статистика!$C$4="Параллельный режим (активная мощность)",F2,Q2)+Статистика!$J$4))-Статистика!$C$10)/MAX(Статистика!$G$10-Статистика!$C$10,0.000001))))) -> 0.097918158 | BB2: =IF(A2="","",MAX(0,MAX(0,MIN(1,(((IF(Статистика!$C$4="Параллельный режим (активная мощность)",H2,S2)+Статистика!$J$4))-Статистика!$C$10)/MAX(Статистика!$G$10-Статистика!$C$10,0.000001)))-MAX(0,MIN(1,(((IF(Статистика!$C$4="Параллельный режим (активная мощность)",G2,R2)+Статистика!$J$4))-Статистика!$C$10)/MAX(Статистика!$G$10-Статистика!$C$10,0.000001))))) -> 0.038516261 | BC2: =IF(A2="","",MAX(0,MAX(0,MIN(1,(((IF(Статистика!$C$4="Параллельный режим (активная мощность)",J2,U2)+Статистика!$J$4))-Статистика!$C$10)/MAX(Статистика!$G$10-Статистика!$C$10,0.000001)))-MAX(0,MIN(1,(((IF(Статистика!$C$4="Параллельный режим (активная мощность)",H2,S2)+Статистика!$J$4))-Статистика!$C$10)/MAX(Статистика!$G$10-Статистика!$C$10,0.000001))))) -> 0.065125181 | BD2: =IF(A2="","",MAX(0,1-MAX(0,MIN(1,(((IF(Статистика!$C$4="Параллельный режим (активная мощность)",J2,U2)+Статистика!$J$4))-Статистика!$C$10)/MAX(Статистика!$G$10-Статистика!$C$10,0.000001))))) -> 0.20407063 | BE2: =IF(A2="",NA(),IF(Статистика!$B$8="Вкл",(((IF(Статистика!$C$4="Параллельный режим (активная мощность)",F2,Q2)+Статистика!$J$4))-Статистика!$C$10)/MAX(Статистика!$G$10-Статистика!$C$10,0.000001),NA())) -> 0.59436977 | BF2: =IF(A2="",NA(),IF(Статистика!$D$8="Вкл",(((IF(Статистика!$C$4="Параллельный режим (активная мощность)",E2,P2)+Статистика!$J$4))-Статистика!$C$10)/MAX(Статистика!$G$10-Статистика!$C$10,0.000001),NA())) -> 0.54037228 | BG2: =IF(A2="",NA(),IF(Статистика!$D$8="Вкл",(((IF(Статистика!$C$4="Параллельный режим (активная мощность)",G2,R2)+Статистика!$J$4))-Статистика!$C$10)/MAX(Статистика!$G$10-Статистика!$C$10,0.000001),NA())) -> 0.69228792 | BH2: =IF(A2="",NA(),IF(Статистика!$F$8="Вкл",(((IF(Статистика!$C$4="Параллельный режим (активная мощность)",D2,O2)+Статистика!$J$4))-Статистика!$C$10)/MAX(Статистика!$G$10-Статистика!$C$10,0.000001),NA())) -> 0.43086176 | BI2: =IF(A2="",NA(),IF(Статистика!$F$8="Вкл",(((IF(Статистика!$C$4="Параллельный режим (активная мощность)",H2,S2)+Статистика!$J$4))-Статистика!$C$10)/MAX(Статистика!$G$10-Статистика!$C$10,0.000001),NA())) -> 0.73080419 | BJ2: =IF(A2="",NA(),IF(Статистика!$H$8="Вкл",(((IF(Статистика!$C$4="Параллельный режим (активная мощность)",B2,M2)+Статистика!$J$4))-Статистика!$C$10)/MAX(Статистика!$G$10-Статистика!$C$10,0.000001),NA())) -> -1.2363834 | BK2: =IF(A2="",NA(),IF(Статистика!$H$8="Вкл",(((IF(Статистика!$C$4="Параллельный режим (активная мощность)",J2,U2)+Статистика!$J$4))-Статистика!$C$10)/MAX(Статистика!$G$10-Статистика!$C$10,0.000001),NA())) -> 0.79592937 | BL2: =IF(A2="",NA(),IF(Статистика!$J$8="Вкл",(((IF(Статистика!$C$4="Параллельный режим (активная мощность)",K2,V2)+Статистика!$J$4))-Статистика!$C$10)/MAX(Статистика!$G$10-Статистика!$C$10,0.000001),NA())) -> #N/A | BM2: =IF(AND(A2<>"",Статистика!$C$6="Вкл",Статистика!$B$6>0),(Статистика!$B$6-Статистика!$C$10)/MAX(Статистика!$G$10-Статистика!$C$10,0.000001),NA()) -> #N/A | BN2: =IF(AND(A2<>"",Статистика!$F$6="Вкл",Статистика!$E$6>0),(Статистика!$E$6-Статистика!$C$10)/MAX(Статистика!$G$10-Статистика!$C$10,0.000001),NA()) -> #N/A | BO2: =IF(AND(A2<>"",Статистика!$I$6="Вкл",Статистика!$H$6>0),(Статистика!$H$6-Статистика!$C$10)/MAX(Статистика!$G$10-Статистика!$C$10,0.000001),NA()) -> #N/A | BP2: =IF(AND(A2<>"",Статистика!$L$6="Вкл",Статистика!$K$6>0),(Статистика!$K$6-Статистика!$C$10)/MAX(Статистика!$G$10-Статистика!$C$10,0.000001),NA()) -> #N/A | BQ2: =IF(AND(A2<>"",Статистика!$M$6="Вкл",Статистика!$O$6>0),(Статистика!$O$6-Статистика!$C$10)/MAX(Статистика!$G$10-Статистика!$C$10,0.000001),NA()) -> #N/A | BR2: =IF(A2="",NA(),1) -> 1 | BS2: =Статистика!$G$10 -> 9000 | BT2: =IF(Y2="","",MAX(0,MIN(1,(((IF(Статистика!$C$4="Параллельный режим (активная мощность)",Z2,AK2)+Статистика!$J$4))-Статистика!$C$10)/MAX(Статистика!$G$10-Статистика!$C$10,0.000001)))) -> 0.49855979 | BU2: =IF(Y2="","",MAX(0,MAX(0,MIN(1,(((IF(Статистика!$C$4="Параллельный режим (активная мощность)",AB2,AM2)+Статистика!$J$4))-Статистика!$C$10)/MAX(Статистика!$G$10-Статистика!$C$10,0.000001)))-MAX(0,MIN(1,(((IF(Статистика!$C$4="Параллельный режим (активная мощность)",Z2,AK2)+Статистика!$J$4))-Статистика!$C$10)/MAX(Статистика!$G$10-Статистика!$C$10,0.000001))))) -> 0.023190987 | BV2: =IF(Y2="","",MAX(0,MAX(0,MIN(1,(((IF(Статистика!$C$4="Параллельный режим (активная мощность)",AC2,AN2)+Статистика!$J$4))-Статистика!$C$10)/MAX(Статистика!$G$10-Статистика!$C$10,0.000001)))-MAX(0,MIN(1,(((IF(Статистика!$C$4="Параллельный режим (активная мощность)",AB2,AM2)+Статистика!$J$4))-Статистика!$C$10)/MAX(Статистика!$G$10-Статистика!$C$10,0.000001))))) -> 0.041000268 | BW2: =IF(Y2="","",MAX(0,MAX(0,MIN(1,(((IF(Статистика!$C$4="Параллельный режим (активная мощность)",AD2,AO2)+Статистика!$J$4))-Статистика!$C$10)/MAX(Статистика!$G$10-Статистика!$C$10,0.000001)))-MAX(0,MIN(1,(((IF(Статистика!$C$4="Параллельный режим (активная мощность)",AC2,AN2)+Статистика!$J$4))-Статистика!$C$10)/MAX(Статистика!$G$10-Статистика!$C$10,0.000001))))) -> 0.022182669 | BX2: =IF(Y2="","",MAX(0,MAX(0,MIN(1,(((IF(Статистика!$C$4="Параллельный режим (активная мощность)",AE2,AP2)+Статистика!$J$4))-Статистика!$C$10)/MAX(Статистика!$G$10-Статистика!$C$10,0.000001)))-MAX(0,MIN(1,(((IF(Статистика!$C$4="Параллельный режим (активная мощность)",AD2,AO2)+Статистика!$J$4))-Статистика!$C$10)/MAX(Статистика!$G$10-Статистика!$C$10,0.000001))))) -> 0.029423167 | BY2: =IF(Y2="","",MAX(0,MAX(0,MIN(1,(((IF(Статистика!$C$4="Параллельный режим (активная мощность)",AF2,AQ2)+Статистика!$J$4))-Статистика!$C$10)/MAX(Статистика!$G$10-Статистика!$C$10,0.000001)))-MAX(0,MIN(1,(((IF(Статистика!$C$4="Параллельный режим (активная мощность)",AE2,AP2)+Статистика!$J$4))-Статистика!$C$10)/MAX(Статистика!$G$10-Статистика!$C$10,0.000001))))) -> 0.16830477 | BZ2: =IF(Y2="","",MAX(0,MAX(0,MIN(1,(((IF(Статистика!$C$4="Параллельный режим (активная мощность)",AH2,AS2)+Статистика!$J$4))-Статистика!$C$10)/MAX(Статистика!$G$10-Статистика!$C$10,0.000001)))-MAX(0,MIN(1,(((IF(Статистика!$C$4="Параллельный режим (активная мощность)",AF2,AQ2)+Статистика!$J$4))-Статистика!$C$10)/MAX(Статистика!$G$10-Статистика!$C$10,0.000001))))) -> 0.03513873 | CA2: =IF(Y2="","",MAX(0,1-MAX(0,MIN(1,(((IF(Статистика!$C$4="Параллельный режим (активная мощность)",AH2,AS2)+Статистика!$J$4))-Статистика!$C$10)/MAX(Статистика!$G$10-Статистика!$C$10,0.000001))))) -> 0.18219963 | CB2: =IF(Y2="",NA(),IF(Статистика!$B$8="Вкл",(((IF(Статистика!$C$4="Параллельный режим (активная мощность)",AD2,AO2)+Статистика!$J$4))-Статистика!$C$10)/MAX(Статистика!$G$10-Статистика!$C$10,0.000001),NA())) -> 0.58493371 | CC2: =IF(Y2="",NA(),IF(Статистика!$D$8="Вкл",(((IF(Статистика!$C$4="Параллельный режим (активная мощность)",AC2,AN2)+Статистика!$J$4))-Статистика!$C$10)/MAX(Статистика!$G$10-Статистика!$C$10,0.000001),NA())) -> 0.56275104 | CD2: =IF(Y2="",NA(),IF(Статистика!$D$8="Вкл",(((IF(Статистика!$C$4="Параллельный режим (активная мощность)",AE2,AP2)+Статистика!$J$4))-Статистика!$C$10)/MAX(Статистика!$G$10-Статистика!$C$10,0.000001),NA())) -> 0.61435688 | CE2: =IF(Y2="",NA(),IF(Статистика!$F$8="Вкл",(((IF(Статистика!$C$4="Параллельный режим (активная мощность)",AB2,AM2)+Статистика!$J$4))-Статистика!$C$10)/MAX(Статистика!$G$10-Статистика!$C$10,0.000001),NA())) -> 0.52175077 | CF2: =IF(Y2="",NA(),IF(Статистика!$F$8="Вкл",(((IF(Статистика!$C$4="Параллельный режим (активная мощность)",AF2,AQ2)+Статистика!$J$4))-Статистика!$C$10)/MAX(Статистика!$G$10-Статистика!$C$10,0.000001),NA())) -> 0.78266164 | CG2: =IF(Y2="",NA(),IF(Статистика!$H$8="Вкл",(((IF(Статистика!$C$4="Параллельный режим (активная мощность)",Z2,AK2)+Статистика!$J$4))-Статистика!$C$10)/MAX(Статистика!$G$10-Статистика!$C$10,0.000001),NA())) -> 0.49855979 | CH2: =IF(Y2="",NA(),IF(Статистика!$H$8="Вкл",(((IF(Статистика!$C$4="Параллельный режим (активная мощность)",AH2,AS2)+Статистика!$J$4))-Статистика!$C$10)/MAX(Статистика!$G$10-Статистика!$C$10,0.000001),NA())) -> 0.81780037 | CI2: =IF(Y2="",NA(),IF(Статистика!$J$8="Вкл",(((IF(Статистика!$C$4="Параллельный режим (активная мощность)",AI2,AT2)+Статистика!$J$4))-Статистика!$C$10)/MAX(Статистика!$G$10-Статистика!$C$10,0.000001),NA())) -> #N/A | CJ2: =IF(AND(Y2<>"",Статистика!$C$6="Вкл",Статистика!$B$6>0),(Статистика!$B$6-Статистика!$C$10)/MAX(Статистика!$G$10-Статистика!$C$10,0.000001),NA()) -> #N/A | CK2: =IF(AND(Y2<>"",Статистика!$F$6="Вкл",Статистика!$E$6>0),(Статистика!$E$6-Статистика!$C$10)/MAX(Статистика!$G$10-Статистика!$C$10,0.000001),NA()) -> #N/A | CL2: =IF(AND(Y2<>"",Статистика!$I$6="Вкл",Статистика!$H$6>0),(Статистика!$H$6-Статистика!$C$10)/MAX(Статистика!$G$10-Статистика!$C$10,0.000001),NA()) -> #N/A | CM2: =IF(AND(Y2<>"",Статистика!$L$6="Вкл",Статистика!$K$6>0),(Статистика!$K$6-Статистика!$C$10)/MAX(Статистика!$G$10-Статистика!$C$10,0.000001),NA()) -> #N/A | CN2: =IF(AND(Y2<>"",Статистика!$M$6="Вкл",Статистика!$O$6>0),(Статистика!$O$6-Статистика!$C$10)/MAX(Статистика!$G$10-Статистика!$C$10,0.000001),NA()) -> #N/A | CO2: =IF(Y2="",NA(),1) -> 1
A3: 00:05 | B3: 2277.0491 | C3: 5612.8994 | D3: 7326.6058 | E3: 7687.4257 | F3: 7819.9025 | G3: 8084.8903 | H3: 8285.4436 | I3: 8336.0571 | J3: 8382.4363 | K3: 8507.19 | L3: 2026-07-08 00:09:37 | M3: 2831.2581 | N3: 6487.2006 | O3: 8337.3426 | P3: 8724.6841 | Q3: 8871.7631 | R3: 9145.6437 | S3: 9355.6514 | T3: 9422.3766 | U3: 9502.2438 | V3: 9658.15 | W3: 2026-07-08 00:09:37 | Y3: 00:05 | Z3: 7472.5165 | AA3: 7529.7857 | AB3: 7601.3722 | AC3: 7733.6933 | AD3: 7824.4736 | AE3: 7949.1735 | AF3: 8365.3861 | AG3: 8442.327 | AH3: 8503.8797 | AI3: 8604.53 | AJ3: 2026-07-05 00:06:13 | AK3: 8481.0515 | AL3: 8549.1597 | AM3: 8634.2948 | AN3: 8809.5934 | AO3: 8882.4382 | AP3: 9044.3137 | AQ3: 9480.494 | AR3: 9566.2579 | AS3: 9634.8691 | AT3: 9823.45 | AU3: 2026-07-04 00:07:05 | AW3: =IF(A3="","",MAX(0,MIN(1,(((IF(Статистика!$C$4="Параллельный режим (активная мощность)",B3,M3)+Статистика!$J$4))-Статистика!$C$10)/MAX(Статистика!$G$10-Статистика!$C$10,0.000001)))) -> 0 | AX3: =IF(A3="","",MAX(0,MAX(0,MIN(1,(((IF(Статистика!$C$4="Параллельный режим (активная мощность)",D3,O3)+Статистика!$J$4))-Статистика!$C$10)/MAX(Статистика!$G$10-Статистика!$C$10,0.000001)))-MAX(0,MIN(1,(((IF(Статистика!$C$4="Параллельный режим (активная мощность)",B3,M3)+Статистика!$J$4))-Статистика!$C$10)/MAX(Статистика!$G$10-Статистика!$C$10,0.000001))))) -> 0.44220193 | AY3: =IF(A3="","",MAX(0,MAX(0,MIN(1,(((IF(Статистика!$C$4="Параллельный режим (активная мощность)",E3,P3)+Статистика!$J$4))-Статистика!$C$10)/MAX(Статистика!$G$10-Статистика!$C$10,0.000001)))-MAX(0,MIN(1,(((IF(Статистика!$C$4="Параллельный режим (активная мощность)",D3,O3)+Статистика!$J$4))-Статистика!$C$10)/MAX(Статистика!$G$10-Статистика!$C$10,0.000001))))) -> 0.12027331 | AZ3: =IF(A3="","",MAX(0,MAX(0,MIN(1,(((IF(Статистика!$C$4="Параллельный режим (активная мощность)",F3,Q3)+Статистика!$J$4))-Статистика!$C$10)/MAX(Статистика!$G$10-Статистика!$C$10,0.000001)))-MAX(0,MIN(1,(((IF(Статистика!$C$4="Параллельный режим (активная мощность)",E3,P3)+Статистика!$J$4))-Статистика!$C$10)/MAX(Статистика!$G$10-Статистика!$C$10,0.000001))))) -> 0.044158919 | BA3: =IF(A3="","",MAX(0,MAX(0,MIN(1,(((IF(Статистика!$C$4="Параллельный режим (активная мощность)",G3,R3)+Статистика!$J$4))-Статистика!$C$10)/MAX(Статистика!$G$10-Статистика!$C$10,0.000001)))-MAX(0,MIN(1,(((IF(Статистика!$C$4="Параллельный режим (активная мощность)",F3,Q3)+Статистика!$J$4))-Статистика!$C$10)/MAX(Статистика!$G$10-Статистика!$C$10,0.000001))))) -> 0.088329256 | BB3: =IF(A3="","",MAX(0,MAX(0,MIN(1,(((IF(Статистика!$C$4="Параллельный режим (активная мощность)",H3,S3)+Статистика!$J$4))-Статистика!$C$10)/MAX(Статистика!$G$10-Статистика!$C$10,0.000001)))-MAX(0,MIN(1,(((IF(Статистика!$C$4="Параллельный режим (активная мощность)",G3,R3)+Статистика!$J$4))-Статистика!$C$10)/MAX(Статистика!$G$10-Статистика!$C$10,0.000001))))) -> 0.066851102 | BC3: =IF(A3="","",MAX(0,MAX(0,MIN(1,(((IF(Статистика!$C$4="Параллельный режим (активная мощность)",J3,U3)+Статистика!$J$4))-Статистика!$C$10)/MAX(Статистика!$G$10-Статистика!$C$10,0.000001)))-MAX(0,MIN(1,(((IF(Статистика!$C$4="Параллельный режим (активная мощность)",H3,S3)+Статистика!$J$4))-Статистика!$C$10)/MAX(Статистика!$G$10-Статистика!$C$10,0.000001))))) -> 0.032330931 | BD3: =IF(A3="","",MAX(0,1-MAX(0,MIN(1,(((IF(Статистика!$C$4="Параллельный режим (активная мощность)",J3,U3)+Статистика!$J$4))-Статистика!$C$10)/MAX(Статистика!$G$10-Статистика!$C$10,0.000001))))) -> 0.20585455 | BE3: =IF(A3="",NA(),IF(Статистика!$B$8="Вкл",(((IF(Статистика!$C$4="Параллельный режим (активная мощность)",F3,Q3)+Статистика!$J$4))-Статистика!$C$10)/MAX(Статистика!$G$10-Статистика!$C$10,0.000001),NA())) -> 0.60663416 | BF3: =IF(A3="",NA(),IF(Статистика!$D$8="Вкл",(((IF(Статистика!$C$4="Параллельный режим (активная мощность)",E3,P3)+Статистика!$J$4))-Статистика!$C$10)/MAX(Статистика!$G$10-Статистика!$C$10,0.000001),NA())) -> 0.56247524 | BG3: =IF(A3="",NA(),IF(Статистика!$D$8="Вкл",(((IF(Статистика!$C$4="Параллельный режим (активная мощность)",G3,R3)+Статистика!$J$4))-Статистика!$C$10)/MAX(Статистика!$G$10-Статистика!$C$10,0.000001),NA())) -> 0.69496342 | BH3: =IF(A3="",NA(),IF(Статистика!$F$8="Вкл",(((IF(Статистика!$C$4="Параллельный режим (активная мощность)",D3,O3)+Статистика!$J$4))-Статистика!$C$10)/MAX(Статистика!$G$10-Статистика!$C$10,0.000001),NA())) -> 0.44220193 | BI3: =IF(A3="",NA(),IF(Статистика!$F$8="Вкл",(((IF(Статистика!$C$4="Параллельный режим (активная мощность)",H3,S3)+Статистика!$J$4))-Статистика!$C$10)/MAX(Статистика!$G$10-Статистика!$C$10,0.000001),NA())) -> 0.76181452 | BJ3: =IF(A3="",NA(),IF(Статистика!$H$8="Вкл",(((IF(Статистика!$C$4="Параллельный режим (активная мощность)",B3,M3)+Статистика!$J$4))-Статистика!$C$10)/MAX(Статистика!$G$10-Статистика!$C$10,0.000001),NA())) -> -1.2409836 | BK3: =IF(A3="",NA(),IF(Статистика!$H$8="Вкл",(((IF(Статистика!$C$4="Параллельный режим (активная мощность)",J3,U3)+Статистика!$J$4))-Статистика!$C$10)/MAX(Статистика!$G$10-Статистика!$C$10,0.000001),NA())) -> 0.79414545 | BL3: =IF(A3="",NA(),IF(Статистика!$J$8="Вкл",(((IF(Статистика!$C$4="Параллельный режим (активная мощность)",K3,V3)+Статистика!$J$4))-Статистика!$C$10)/MAX(Статистика!$G$10-Статистика!$C$10,0.000001),NA())) -> #N/A | BM3: =IF(AND(A3<>"",Статистика!$C$6="Вкл",Статистика!$B$6>0),(Статистика!$B$6-Статистика!$C$10)/MAX(Статистика!$G$10-Статистика!$C$10,0.000001),NA()) -> #N/A | BN3: =IF(AND(A3<>"",Статистика!$F$6="Вкл",Статистика!$E$6>0),(Статистика!$E$6-Статистика!$C$10)/MAX(Статистика!$G$10-Статистика!$C$10,0.000001),NA()) -> #N/A | BO3: =IF(AND(A3<>"",Статистика!$I$6="Вкл",Статистика!$H$6>0),(Статистика!$H$6-Статистика!$C$10)/MAX(Статистика!$G$10-Статистика!$C$10,0.000001),NA()) -> #N/A | BP3: =IF(AND(A3<>"",Статистика!$L$6="Вкл",Статистика!$K$6>0),(Статистика!$K$6-Статистика!$C$10)/MAX(Статистика!$G$10-Статистика!$C$10,0.000001),NA()) -> #N/A | BQ3: =IF(AND(A3<>"",Статистика!$M$6="Вкл",Статистика!$O$6>0),(Статистика!$O$6-Статистика!$C$10)/MAX(Статистика!$G$10-Статистика!$C$10,0.000001),NA()) -> #N/A | BR3: =IF(A3="",NA(),1) -> 1 | BT3: =IF(Y3="","",MAX(0,MIN(1,(((IF(Статистика!$C$4="Параллельный режим (активная мощность)",Z3,AK3)+Статистика!$J$4))-Статистика!$C$10)/MAX(Статистика!$G$10-Статистика!$C$10,0.000001)))) -> 0.49083882 | BU3: =IF(Y3="","",MAX(0,MAX(0,MIN(1,(((IF(Статистика!$C$4="Параллельный режим (активная мощность)",AB3,AM3)+Статистика!$J$4))-Статистика!$C$10)/MAX(Статистика!$G$10-Статистика!$C$10,0.000001)))-MAX(0,MIN(1,(((IF(Статистика!$C$4="Параллельный режим (активная мощность)",Z3,AK3)+Статистика!$J$4))-Статистика!$C$10)/MAX(Статистика!$G$10-Статистика!$C$10,0.000001))))) -> 0.042951909 | BV3: =IF(Y3="","",MAX(0,MAX(0,MIN(1,(((IF(Статистика!$C$4="Параллельный режим (активная мощность)",AC3,AN3)+Статистика!$J$4))-Статистика!$C$10)/MAX(Статистика!$G$10-Статистика!$C$10,0.000001)))-MAX(0,MIN(1,(((IF(Статистика!$C$4="Параллельный режим (активная мощность)",AB3,AM3)+Статистика!$J$4))-Статистика!$C$10)/MAX(Статистика!$G$10-Статистика!$C$10,0.000001))))) -> 0.044107043 | BW3: =IF(Y3="","",MAX(0,MAX(0,MIN(1,(((IF(Статистика!$C$4="Параллельный режим (активная мощность)",AD3,AO3)+Статистика!$J$4))-Статистика!$C$10)/MAX(Статистика!$G$10-Статистика!$C$10,0.000001)))-MAX(0,MIN(1,(((IF(Статистика!$C$4="Параллельный режим (активная мощность)",AC3,AN3)+Статистика!$J$4))-Статистика!$C$10)/MAX(Статистика!$G$10-Статистика!$C$10,0.000001))))) -> 0.030260086 | BX3: =IF(Y3="","",MAX(0,MAX(0,MIN(1,(((IF(Статистика!$C$4="Параллельный режим (активная мощность)",AE3,AP3)+Статистика!$J$4))-Статистика!$C$10)/MAX(Статистика!$G$10-Статистика!$C$10,0.000001)))-MAX(0,MIN(1,(((IF(Статистика!$C$4="Параллельный режим (активная мощность)",AD3,AO3)+Статистика!$J$4))-Статистика!$C$10)/MAX(Статистика!$G$10-Статистика!$C$10,0.000001))))) -> 0.041566622 | BY3: =IF(Y3="","",MAX(0,MAX(0,MIN(1,(((IF(Статистика!$C$4="Параллельный режим (активная мощность)",AF3,AQ3)+Статистика!$J$4))-Статистика!$C$10)/MAX(Статистика!$G$10-Статистика!$C$10,0.000001)))-MAX(0,MIN(1,(((IF(Статистика!$C$4="Параллельный режим (активная мощность)",AE3,AP3)+Статистика!$J$4))-Статистика!$C$10)/MAX(Статистика!$G$10-Статистика!$C$10,0.000001))))) -> 0.13873756 | BZ3: =IF(Y3="","",MAX(0,MAX(0,MIN(1,(((IF(Статистика!$C$4="Параллельный режим (активная мощность)",AH3,AS3)+Статистика!$J$4))-Статистика!$C$10)/MAX(Статистика!$G$10-Статистика!$C$10,0.000001)))-MAX(0,MIN(1,(((IF(Статистика!$C$4="Параллельный режим (активная мощность)",AF3,AQ3)+Статистика!$J$4))-Статистика!$C$10)/MAX(Статистика!$G$10-Статистика!$C$10,0.000001))))) -> 0.04616452 | CA3: =IF(Y3="","",MAX(0,1-MAX(0,MIN(1,(((IF(Статистика!$C$4="Параллельный режим (активная мощность)",AH3,AS3)+Статистика!$J$4))-Статистика!$C$10)/MAX(Статистика!$G$10-Статистика!$C$10,0.000001))))) -> 0.16537344 | CB3: =IF(Y3="",NA(),IF(Статистика!$B$8="Вкл",(((IF(Статистика!$C$4="Параллельный режим (активная мощность)",AD3,AO3)+Статистика!$J$4))-Статистика!$C$10)/MAX(Статистика!$G$10-Статистика!$C$10,0.000001),NA())) -> 0.60815786 | CC3: =IF(Y3="",NA(),IF(Статистика!$D$8="Вкл",(((IF(Статистика!$C$4="Параллельный режим (активная мощность)",AC3,AN3)+Статистика!$J$4))-Статистика!$C$10)/MAX(Статистика!$G$10-Статистика!$C$10,0.000001),NA())) -> 0.57789778 | CD3: =IF(Y3="",NA(),IF(Статистика!$D$8="Вкл",(((IF(Статистика!$C$4="Параллельный режим (активная мощность)",AE3,AP3)+Статистика!$J$4))-Статистика!$C$10)/MAX(Статистика!$G$10-Статистика!$C$10,0.000001),NA())) -> 0.64972448 | CE3: =IF(Y3="",NA(),IF(Статистика!$F$8="Вкл",(((IF(Статистика!$C$4="Параллельный режим (активная мощность)",AB3,AM3)+Статистика!$J$4))-Статистика!$C$10)/MAX(Статистика!$G$10-Статистика!$C$10,0.000001),NA())) -> 0.53379073 | CF3: =IF(Y3="",NA(),IF(Статистика!$F$8="Вкл",(((IF(Статистика!$C$4="Параллельный режим (активная мощность)",AF3,AQ3)+Статистика!$J$4))-Статистика!$C$10)/MAX(Статистика!$G$10-Статистика!$C$10,0.000001),NA())) -> 0.78846205 | CG3: =IF(Y3="",NA(),IF(Статистика!$H$8="Вкл",(((IF(Статистика!$C$4="Параллельный режим (активная мощность)",Z3,AK3)+Статистика!$J$4))-Статистика!$C$10)/MAX(Статистика!$G$10-Статистика!$C$10,0.000001),NA())) -> 0.49083882 | CH3: =IF(Y3="",NA(),IF(Статистика!$H$8="Вкл",(((IF(Статистика!$C$4="Параллельный режим (активная мощность)",AH3,AS3)+Статистика!$J$4))-Статистика!$C$10)/MAX(Статистика!$G$10-Статистика!$C$10,0.000001),NA())) -> 0.83462656 | CI3: =IF(Y3="",NA(),IF(Статистика!$J$8="Вкл",(((IF(Статистика!$C$4="Параллельный режим (активная мощность)",AI3,AT3)+Статистика!$J$4))-Статистика!$C$10)/MAX(Статистика!$G$10-Статистика!$C$10,0.000001),NA())) -> #N/A | CJ3: =IF(AND(Y3<>"",Статистика!$C$6="Вкл",Статистика!$B$6>0),(Статистика!$B$6-Статистика!$C$10)/MAX(Статистика!$G$10-Статистика!$C$10,0.000001),NA()) -> #N/A | CK3: =IF(AND(Y3<>"",Статистика!$F$6="Вкл",Статистика!$E$6>0),(Статистика!$E$6-Статистика!$C$10)/MAX(Статистика!$G$10-Статистика!$C$10,0.000001),NA()) -> #N/A | CL3: =IF(AND(Y3<>"",Статистика!$I$6="Вкл",Статистика!$H$6>0),(Статистика!$H$6-Статистика!$C$10)/MAX(Статистика!$G$10-Статистика!$C$10,0.000001),NA()) -> #N/A | CM3: =IF(AND(Y3<>"",Статистика!$L$6="Вкл",Статистика!$K$6>0),(Статистика!$K$6-Статистика!$C$10)/MAX(Статистика!$G$10-Статистика!$C$10,0.000001),NA()) -> #N/A | CN3: =IF(AND(Y3<>"",Статистика!$M$6="Вкл",Статистика!$O$6>0),(Статистика!$O$6-Статистика!$C$10)/MAX(Статистика!$G$10-Статистика!$C$10,0.000001),NA()) -> #N/A | CO3: =IF(Y3="",NA(),1) -> 1
A4: 00:10 | B4: 2309.6954 | C4: 5684.2224 | D4: 7351.9307 | E4: 7680.2178 | F4: 7895.9935 | G4: 8079.1563 | H4: 8322.074 | I4: 8385.6085 | J4: 8473.5702 | K4: 8703 | L4: 2026-07-08 00:10:29 | M4: 2873.9088 | N4: 6564.099 | O4: 8387.7145 | P4: 8737.7408 | Q4: 8961.6285 | R4: 9116.4824 | S4: 9382.8915 | T4: 9473.8061 | U4: 9647.2799 | V4: 9971.05 | W4: 2026-07-08 00:10:29 | Y4: 00:10 | Z4: 7563.5629 | AA4: 7605.2009 | AB4: 7657.2485 | AC4: 7786.4586 | AD4: 7847.512 | AE4: 7975.774 | AF4: 8419.6253 | AG4: 8479.5971 | AH4: 8527.5746 | AI4: 8619.68 | AJ4: 2026-07-05 00:14:54 | AK4: 8631.3469 | AL4: 8670.3816 | AM4: 8719.1749 | AN4: 8903.0542 | AO4: 8990.2963 | AP4: 9059.2343 | AQ4: 9554.4391 | AR4: 9610.1245 | AS4: 9654.6728 | AT4: 9747.18 | AU4: 2026-07-05 00:14:54 | AW4: =IF(A4="","",MAX(0,MIN(1,(((IF(Статистика!$C$4="Параллельный режим (активная мощность)",B4,M4)+Статистика!$J$4))-Статистика!$C$10)/MAX(Статистика!$G$10-Статистика!$C$10,0.000001)))) -> 0 | AX4: =IF(A4="","",MAX(0,MAX(0,MIN(1,(((IF(Статистика!$C$4="Параллельный режим (активная мощность)",D4,O4)+Статистика!$J$4))-Статистика!$C$10)/MAX(Статистика!$G$10-Статистика!$C$10,0.000001)))-MAX(0,MIN(1,(((IF(Статистика!$C$4="Параллельный режим (активная мощность)",B4,M4)+Статистика!$J$4))-Статистика!$C$10)/MAX(Статистика!$G$10-Статистика!$C$10,0.000001))))) -> 0.45064356 | AY4: =IF(A4="","",MAX(0,MAX(0,MIN(1,(((IF(Статистика!$C$4="Параллельный режим (активная мощность)",E4,P4)+Статистика!$J$4))-Статистика!$C$10)/MAX(Статистика!$G$10-Статистика!$C$10,0.000001)))-MAX(0,MIN(1,(((IF(Статистика!$C$4="Параллельный режим (активная мощность)",D4,O4)+Статистика!$J$4))-Статистика!$C$10)/MAX(Статистика!$G$10-Статистика!$C$10,0.000001))))) -> 0.10942905 | AZ4: =IF(A4="","",MAX(0,MAX(0,MIN(1,(((IF(Статистика!$C$4="Параллельный режим (активная мощность)",F4,Q4)+Статистика!$J$4))-Статистика!$C$10)/MAX(Статистика!$G$10-Статистика!$C$10,0.000001)))-MAX(0,MIN(1,(((IF(Статистика!$C$4="Параллельный режим (активная мощность)",E4,P4)+Статистика!$J$4))-Статистика!$C$10)/MAX(Статистика!$G$10-Статистика!$C$10,0.000001))))) -> 0.071925222 | BA4: =IF(A4="","",MAX(0,MAX(0,MIN(1,(((IF(Статистика!$C$4="Параллельный режим (активная мощность)",G4,R4)+Статистика!$J$4))-Статистика!$C$10)/MAX(Статистика!$G$10-Статистика!$C$10,0.000001)))-MAX(0,MIN(1,(((IF(Статистика!$C$4="Параллельный режим (активная мощность)",F4,Q4)+Статистика!$J$4))-Статистика!$C$10)/MAX(Статистика!$G$10-Статистика!$C$10,0.000001))))) -> 0.061054264 | BB4: =IF(A4="","",MAX(0,MAX(0,MIN(1,(((IF(Статистика!$C$4="Параллельный режим (активная мощность)",H4,S4)+Статистика!$J$4))-Статистика!$C$10)/MAX(Статистика!$G$10-Статистика!$C$10,0.000001)))-MAX(0,MIN(1,(((IF(Статистика!$C$4="Параллельный режим (активная мощность)",G4,R4)+Статистика!$J$4))-Статистика!$C$10)/MAX(Статистика!$G$10-Статистика!$C$10,0.000001))))) -> 0.080972573 | BC4: =IF(A4="","",MAX(0,MAX(0,MIN(1,(((IF(Статистика!$C$4="Параллельный режим (активная мощность)",J4,U4)+Статистика!$J$4))-Статистика!$C$10)/MAX(Статистика!$G$10-Статистика!$C$10,0.000001)))-MAX(0,MIN(1,(((IF(Статистика!$C$4="Параллельный режим (активная мощность)",H4,S4)+Статистика!$J$4))-Статистика!$C$10)/MAX(Статистика!$G$10-Статистика!$C$10,0.000001))))) -> 0.050498744 | BD4: =IF(A4="","",MAX(0,1-MAX(0,MIN(1,(((IF(Статистика!$C$4="Параллельный режим (активная мощность)",J4,U4)+Статистика!$J$4))-Статистика!$C$10)/MAX(Статистика!$G$10-Статистика!$C$10,0.000001))))) -> 0.17547659 | BE4: =IF(A4="",NA(),IF(Статистика!$B$8="Вкл",(((IF(Статистика!$C$4="Параллельный режим (активная мощность)",F4,Q4)+Статистика!$J$4))-Статистика!$C$10)/MAX(Статистика!$G$10-Статистика!$C$10,0.000001),NA())) -> 0.63199783 | BF4: =IF(A4="",NA(),IF(Статистика!$D$8="Вкл",(((IF(Статистика!$C$4="Параллельный режим (активная мощность)",E4,P4)+Статистика!$J$4))-Статистика!$C$10)/MAX(Статистика!$G$10-Статистика!$C$10,0.000001),NA())) -> 0.56007261 | BG4: =IF(A4="",NA(),IF(Статистика!$D$8="Вкл",(((IF(Статистика!$C$4="Параллельный режим (активная мощность)",G4,R4)+Статистика!$J$4))-Статистика!$C$10)/MAX(Статистика!$G$10-Статистика!$C$10,0.000001),NA())) -> 0.6930521 | BH4: =IF(A4="",NA(),IF(Статистика!$F$8="Вкл",(((IF(Статистика!$C$4="Параллельный режим (активная мощность)",D4,O4)+Статистика!$J$4))-Статистика!$C$10)/MAX(Статистика!$G$10-Статистика!$C$10,0.000001),NA())) -> 0.45064356 | BI4: =IF(A4="",NA(),IF(Статистика!$F$8="Вкл",(((IF(Статистика!$C$4="Параллельный режим (активная мощность)",H4,S4)+Статистика!$J$4))-Статистика!$C$10)/MAX(Статистика!$G$10-Статистика!$C$10,0.000001),NA())) -> 0.77402467 | BJ4: =IF(A4="",NA(),IF(Статистика!$H$8="Вкл",(((IF(Статистика!$C$4="Параллельный режим (активная мощность)",B4,M4)+Статистика!$J$4))-Статистика!$C$10)/MAX(Статистика!$G$10-Статистика!$C$10,0.000001),NA())) -> -1.2301015 | BK4: =IF(A4="",NA(),IF(Статистика!$H$8="Вкл",(((IF(Статистика!$C$4="Параллельный режим (активная мощность)",J4,U4)+Статистика!$J$4))-Статистика!$C$10)/MAX(Статистика!$G$10-Статистика!$C$10,0.000001),NA())) -> 0.82452341 | BL4: =IF(A4="",NA(),IF(Статистика!$J$8="Вкл",(((IF(Статистика!$C$4="Параллельный режим (активная мощность)",K4,V4)+Статистика!$J$4))-Статистика!$C$10)/MAX(Статистика!$G$10-Статистика!$C$10,0.000001),NA())) -> #N/A | BM4: =IF(AND(A4<>"",Статистика!$C$6="Вкл",Статистика!$B$6>0),(Статистика!$B$6-Статистика!$C$10)/MAX(Статистика!$G$10-Статистика!$C$10,0.000001),NA()) -> #N/A | BN4: =IF(AND(A4<>"",Статистика!$F$6="Вкл",Статистика!$E$6>0),(Статистика!$E$6-Статистика!$C$10)/MAX(Статистика!$G$10-Статистика!$C$10,0.000001),NA()) -> #N/A | BO4: =IF(AND(A4<>"",Статистика!$I$6="Вкл",Статистика!$H$6>0),(Статистика!$H$6-Статистика!$C$10)/MAX(Статистика!$G$10-Статистика!$C$10,0.000001),NA()) -> #N/A | BP4: =IF(AND(A4<>"",Статистика!$L$6="Вкл",Статистика!$K$6>0),(Статистика!$K$6-Статистика!$C$10)/MAX(Статистика!$G$10-Статистика!$C$10,0.000001),NA()) -> #N/A | BQ4: =IF(AND(A4<>"",Статистика!$M$6="Вкл",Статистика!$O$6>0),(Статистика!$O$6-Статистика!$C$10)/MAX(Статистика!$G$10-Статистика!$C$10,0.000001),NA()) -> #N/A | BR4: =IF(A4="",NA(),1) -> 1 | BT4: =IF(Y4="","",MAX(0,MIN(1,(((IF(Статистика!$C$4="Параллельный режим (активная мощность)",Z4,AK4)+Статистика!$J$4))-Статистика!$C$10)/MAX(Статистика!$G$10-Статистика!$C$10,0.000001)))) -> 0.52118762 | BU4: =IF(Y4="","",MAX(0,MAX(0,MIN(1,(((IF(Статистика!$C$4="Параллельный режим (активная мощность)",AB4,AM4)+Статистика!$J$4))-Статистика!$C$10)/MAX(Статистика!$G$10-Статистика!$C$10,0.000001)))-MAX(0,MIN(1,(((IF(Статистика!$C$4="Параллельный режим (активная мощность)",Z4,AK4)+Статистика!$J$4))-Статистика!$C$10)/MAX(Статистика!$G$10-Статистика!$C$10,0.000001))))) -> 0.031228555 | BV4: =IF(Y4="","",MAX(0,MAX(0,MIN(1,(((IF(Статистика!$C$4="Параллельный режим (активная мощность)",AC4,AN4)+Статистика!$J$4))-Статистика!$C$10)/MAX(Статистика!$G$10-Статистика!$C$10,0.000001)))-MAX(0,MIN(1,(((IF(Статистика!$C$4="Параллельный режим (активная мощность)",AB4,AM4)+Статистика!$J$4))-Статистика!$C$10)/MAX(Статистика!$G$10-Статистика!$C$10,0.000001))))) -> 0.043070042 | BW4: =IF(Y4="","",MAX(0,MAX(0,MIN(1,(((IF(Статистика!$C$4="Параллельный режим (активная мощность)",AD4,AO4)+Статистика!$J$4))-Статистика!$C$10)/MAX(Статистика!$G$10-Статистика!$C$10,0.000001)))-MAX(0,MIN(1,(((IF(Статистика!$C$4="Параллельный режим (активная мощность)",AC4,AN4)+Статистика!$J$4))-Статистика!$C$10)/MAX(Статистика!$G$10-Статистика!$C$10,0.000001))))) -> 0.020351108 | BX4: =IF(Y4="","",MAX(0,MAX(0,MIN(1,(((IF(Статистика!$C$4="Параллельный режим (активная мощность)",AE4,AP4)+Статистика!$J$4))-Статистика!$C$10)/MAX(Статистика!$G$10-Статистика!$C$10,0.000001)))-MAX(0,MIN(1,(((IF(Статистика!$C$4="Параллельный режим (активная мощность)",AD4,AO4)+Статистика!$J$4))-Статистика!$C$10)/MAX(Статистика!$G$10-Статистика!$C$10,0.000001))))) -> 0.042753997 | BY4: =IF(Y4="","",MAX(0,MAX(0,MIN(1,(((IF(Статистика!$C$4="Параллельный режим (активная мощность)",AF4,AQ4)+Статистика!$J$4))-Статистика!$C$10)/MAX(Статистика!$G$10-Статистика!$C$10,0.000001)))-MAX(0,MIN(1,(((IF(Статистика!$C$4="Параллельный режим (активная мощность)",AE4,AP4)+Статистика!$J$4))-Статистика!$C$10)/MAX(Статистика!$G$10-Статистика!$C$10,0.000001))))) -> 0.14795044 | BZ4: =IF(Y4="","",MAX(0,MAX(0,MIN(1,(((IF(Статистика!$C$4="Параллельный режим (активная мощность)",AH4,AS4)+Статистика!$J$4))-Статистика!$C$10)/MAX(Статистика!$G$10-Статистика!$C$10,0.000001)))-MAX(0,MIN(1,(((IF(Статистика!$C$4="Параллельный режим (активная мощность)",AF4,AQ4)+Статистика!$J$4))-Статистика!$C$10)/MAX(Статистика!$G$10-Статистика!$C$10,0.000001))))) -> 0.035983106 | CA4: =IF(Y4="","",MAX(0,1-MAX(0,MIN(1,(((IF(Статистика!$C$4="Параллельный режим (активная мощность)",AH4,AS4)+Статистика!$J$4))-Статистика!$C$10)/MAX(Статистика!$G$10-Статистика!$C$10,0.000001))))) -> 0.15747513 | CB4: =IF(Y4="",NA(),IF(Статистика!$B$8="Вкл",(((IF(Статистика!$C$4="Параллельный режим (активная мощность)",AD4,AO4)+Статистика!$J$4))-Статистика!$C$10)/MAX(Статистика!$G$10-Статистика!$C$10,0.000001),NA())) -> 0.61583732 | CC4: =IF(Y4="",NA(),IF(Статистика!$D$8="Вкл",(((IF(Статистика!$C$4="Параллельный режим (активная мощность)",AC4,AN4)+Статистика!$J$4))-Статистика!$C$10)/MAX(Статистика!$G$10-Статистика!$C$10,0.000001),NA())) -> 0.59548621 | CD4: =IF(Y4="",NA(),IF(Статистика!$D$8="Вкл",(((IF(Статистика!$C$4="Параллельный режим (активная мощность)",AE4,AP4)+Статистика!$J$4))-Статистика!$C$10)/MAX(Статистика!$G$10-Статистика!$C$10,0.000001),NA())) -> 0.65859132 | CE4: =IF(Y4="",NA(),IF(Статистика!$F$8="Вкл",(((IF(Статистика!$C$4="Параллельный режим (активная мощность)",AB4,AM4)+Статистика!$J$4))-Статистика!$C$10)/MAX(Статистика!$G$10-Статистика!$C$10,0.000001),NA())) -> 0.55241617 | CF4: =IF(Y4="",NA(),IF(Статистика!$F$8="Вкл",(((IF(Статистика!$C$4="Параллельный режим (активная мощность)",AF4,AQ4)+Статистика!$J$4))-Статистика!$C$10)/MAX(Статистика!$G$10-Статистика!$C$10,0.000001),NA())) -> 0.80654176 | CG4: =IF(Y4="",NA(),IF(Статистика!$H$8="Вкл",(((IF(Статистика!$C$4="Параллельный режим (активная мощность)",Z4,AK4)+Статистика!$J$4))-Статистика!$C$10)/MAX(Статистика!$G$10-Статистика!$C$10,0.000001),NA())) -> 0.52118762 | CH4: =IF(Y4="",NA(),IF(Статистика!$H$8="Вкл",(((IF(Статистика!$C$4="Параллельный режим (активная мощность)",AH4,AS4)+Статистика!$J$4))-Статистика!$C$10)/MAX(Статистика!$G$10-Статистика!$C$10,0.000001),NA())) -> 0.84252487 | CI4: =IF(Y4="",NA(),IF(Статистика!$J$8="Вкл",(((IF(Статистика!$C$4="Параллельный режим (активная мощность)",AI4,AT4)+Статистика!$J$4))-Статистика!$C$10)/MAX(Статистика!$G$10-Статистика!$C$10,0.000001),NA())) -> #N/A | CJ4: =IF(AND(Y4<>"",Статистика!$C$6="Вкл",Статистика!$B$6>0),(Статистика!$B$6-Статистика!$C$10)/MAX(Статистика!$G$10-Статистика!$C$10,0.000001),NA()) -> #N/A | CK4: =IF(AND(Y4<>"",Статистика!$F$6="Вкл",Статистика!$E$6>0),(Статистика!$E$6-Статистика!$C$10)/MAX(Статистика!$G$10-Статистика!$C$10,0.000001),NA()) -> #N/A | CL4: =IF(AND(Y4<>"",Статистика!$I$6="Вкл",Статистика!$H$6>0),(Статистика!$H$6-Статистика!$C$10)/MAX(Статистика!$G$10-Статистика!$C$10,0.000001),NA()) -> #N/A | CM4: =IF(AND(Y4<>"",Статистика!$L$6="Вкл",Статистика!$K$6>0),(Статистика!$K$6-Статистика!$C$10)/MAX(Статистика!$G$10-Статистика!$C$10,0.000001),NA()) -> #N/A | CN4: =IF(AND(Y4<>"",Статистика!$M$6="Вкл",Статистика!$O$6>0),(Статистика!$O$6-Статистика!$C$10)/MAX(Статистика!$G$10-Статистика!$C$10,0.000001),NA()) -> #N/A | CO4: =IF(Y4="",NA(),1) -> 1
A5: 00:15 | B5: 2296.5409 | C5: 5686.8269 | D5: 7339.7976 | E5: 7682.79 | F5: 7885.1499 | G5: 8068.6305 | H5: 8420.1973 | I5: 8494.9979 | J5: 8520.8192 | K5: 8606.27 | L5: 2026-07-08 00:15:35 | M5: 2858.5413 | N5: 6565.521 | O5: 8380.9745 | P5: 8747.7304 | Q5: 8946.596 | R5: 9106.1478 | S5: 9482.9904 | T5: 9591.9578 | U5: 9690.5166 | V5: 9805.32 | W5: 2026-07-08 00:17:08 | Y5: 00:15 | Z5: 7584.6347 | AA5: 7614.4061 | AB5: 7651.6202 | AC5: 7815.0997 | AD5: 7899.7696 | AE5: 7931.4276 | AF5: 8398.8333 | AG5: 8453.008 | AH5: 8496.3477 | AI5: 8596.97 | AJ5: 2026-07-05 00:16:34 | AK5: 8686.7067 | AL5: 8707.4348 | AM5: 8733.3449 | AN5: 8918.3772 | AO5: 8987.664 | AP5: 9068.9449 | AQ5: 9511.4985 | AR5: 9568.8761 | AS5: 9614.7782 | AT5: 9733.56 | AU5: 2026-07-05 00:15:55 | AW5: =IF(A5="","",MAX(0,MIN(1,(((IF(Статистика!$C$4="Параллельный режим (активная мощность)",B5,M5)+Статистика!$J$4))-Статистика!$C$10)/MAX(Статистика!$G$10-Статистика!$C$10,0.000001)))) -> 0 | AX5: =IF(A5="","",MAX(0,MAX(0,MIN(1,(((IF(Статистика!$C$4="Параллельный режим (активная мощность)",D5,O5)+Статистика!$J$4))-Статистика!$C$10)/MAX(Статистика!$G$10-Статистика!$C$10,0.000001)))-MAX(0,MIN(1,(((IF(Статистика!$C$4="Параллельный режим (активная мощность)",B5,M5)+Статистика!$J$4))-Статистика!$C$10)/MAX(Статистика!$G$10-Статистика!$C$10,0.000001))))) -> 0.44659919 | AY5: =IF(A5="","",MAX(0,MAX(0,MIN(1,(((IF(Статистика!$C$4="Параллельный режим (активная мощность)",E5,P5)+Статистика!$J$4))-Статистика!$C$10)/MAX(Статистика!$G$10-Статистика!$C$10,0.000001)))-MAX(0,MIN(1,(((IF(Статистика!$C$4="Параллельный режим (активная мощность)",D5,O5)+Статистика!$J$4))-Статистика!$C$10)/MAX(Статистика!$G$10-Статистика!$C$10,0.000001))))) -> 0.11433081 | AZ5: =IF(A5="","",MAX(0,MAX(0,MIN(1,(((IF(Статистика!$C$4="Параллельный режим (активная мощность)",F5,Q5)+Статистика!$J$4))-Статистика!$C$10)/MAX(Статистика!$G$10-Статистика!$C$10,0.000001)))-MAX(0,MIN(1,(((IF(Статистика!$C$4="Параллельный режим (активная мощность)",E5,P5)+Статистика!$J$4))-Статистика!$C$10)/MAX(Статистика!$G$10-Статистика!$C$10,0.000001))))) -> 0.0674533 | BA5: =IF(A5="","",MAX(0,MAX(0,MIN(1,(((IF(Статистика!$C$4="Параллельный режим (активная мощность)",G5,R5)+Статистика!$J$4))-Статистика!$C$10)/MAX(Статистика!$G$10-Статистика!$C$10,0.000001)))-MAX(0,MIN(1,(((IF(Статистика!$C$4="Параллельный режим (активная мощность)",F5,Q5)+Статистика!$J$4))-Статистика!$C$10)/MAX(Статистика!$G$10-Статистика!$C$10,0.000001))))) -> 0.061160194 | BB5: =IF(A5="","",MAX(0,MAX(0,MIN(1,(((IF(Статистика!$C$4="Параллельный режим (активная мощность)",H5,S5)+Статистика!$J$4))-Статистика!$C$10)/MAX(Статистика!$G$10-Статистика!$C$10,0.000001)))-MAX(0,MIN(1,(((IF(Статистика!$C$4="Параллельный режим (активная мощность)",G5,R5)+Статистика!$J$4))-Статистика!$C$10)/MAX(Статистика!$G$10-Статистика!$C$10,0.000001))))) -> 0.11718894 | BC5: =IF(A5="","",MAX(0,MAX(0,MIN(1,(((IF(Статистика!$C$4="Параллельный режим (активная мощность)",J5,U5)+Статистика!$J$4))-Статистика!$C$10)/MAX(Статистика!$G$10-Статистика!$C$10,0.000001)))-MAX(0,MIN(1,(((IF(Статистика!$C$4="Параллельный режим (активная мощность)",H5,S5)+Статистика!$J$4))-Статистика!$C$10)/MAX(Статистика!$G$10-Статистика!$C$10,0.000001))))) -> 0.033540629 | BD5: =IF(A5="","",MAX(0,1-MAX(0,MIN(1,(((IF(Статистика!$C$4="Параллельный режим (активная мощность)",J5,U5)+Статистика!$J$4))-Статистика!$C$10)/MAX(Статистика!$G$10-Статистика!$C$10,0.000001))))) -> 0.15972694 | BE5: =IF(A5="",NA(),IF(Статистика!$B$8="Вкл",(((IF(Статистика!$C$4="Параллельный режим (активная мощность)",F5,Q5)+Статистика!$J$4))-Статистика!$C$10)/MAX(Статистика!$G$10-Статистика!$C$10,0.000001),NA())) -> 0.6283833 | BF5: =IF(A5="",NA(),IF(Статистика!$D$8="Вкл",(((IF(Статистика!$C$4="Параллельный режим (активная мощность)",E5,P5)+Статистика!$J$4))-Статистика!$C$10)/MAX(Статистика!$G$10-Статистика!$C$10,0.000001),NA())) -> 0.56093 | BG5: =IF(A5="",NA(),IF(Статистика!$D$8="Вкл",(((IF(Статистика!$C$4="Параллельный режим (активная мощность)",G5,R5)+Статистика!$J$4))-Статистика!$C$10)/MAX(Статистика!$G$10-Статистика!$C$10,0.000001),NA())) -> 0.68954349 | BH5: =IF(A5="",NA(),IF(Статистика!$F$8="Вкл",(((IF(Статистика!$C$4="Параллельный режим (активная мощность)",D5,O5)+Статистика!$J$4))-Статистика!$C$10)/MAX(Статистика!$G$10-Статистика!$C$10,0.000001),NA())) -> 0.44659919 | BI5: =IF(A5="",NA(),IF(Статистика!$F$8="Вкл",(((IF(Статистика!$C$4="Параллельный режим (активная мощность)",H5,S5)+Статистика!$J$4))-Статистика!$C$10)/MAX(Статистика!$G$10-Статистика!$C$10,0.000001),NA())) -> 0.80673243 | BJ5: =IF(A5="",NA(),IF(Статистика!$H$8="Вкл",(((IF(Статистика!$C$4="Параллельный режим (активная мощность)",B5,M5)+Статистика!$J$4))-Статистика!$C$10)/MAX(Статистика!$G$10-Статистика!$C$10,0.000001),NA())) -> -1.2344864 | BK5: =IF(A5="",NA(),IF(Статистика!$H$8="Вкл",(((IF(Статистика!$C$4="Параллельный режим (активная мощность)",J5,U5)+Статистика!$J$4))-Статистика!$C$10)/MAX(Статистика!$G$10-Статистика!$C$10,0.000001),NA())) -> 0.84027306 | BL5: =IF(A5="",NA(),IF(Статистика!$J$8="Вкл",(((IF(Статистика!$C$4="Параллельный режим (активная мощность)",K5,V5)+Статистика!$J$4))-Статистика!$C$10)/MAX(Статистика!$G$10-Статистика!$C$10,0.000001),NA())) -> #N/A | BM5: =IF(AND(A5<>"",Статистика!$C$6="Вкл",Статистика!$B$6>0),(Статистика!$B$6-Статистика!$C$10)/MAX(Статистика!$G$10-Статистика!$C$10,0.000001),NA()) -> #N/A | BN5: =IF(AND(A5<>"",Статистика!$F$6="Вкл",Статистика!$E$6>0),(Статистика!$E$6-Статистика!$C$10)/MAX(Статистика!$G$10-Статистика!$C$10,0.000001),NA()) -> #N/A | BO5: =IF(AND(A5<>"",Статистика!$I$6="Вкл",Статистика!$H$6>0),(Статистика!$H$6-Статистика!$C$10)/MAX(Статистика!$G$10-Статистика!$C$10,0.000001),NA()) -> #N/A | BP5: =IF(AND(A5<>"",Статистика!$L$6="Вкл",Статистика!$K$6>0),(Статистика!$K$6-Статистика!$C$10)/MAX(Статистика!$G$10-Статистика!$C$10,0.000001),NA()) -> #N/A | BQ5: =IF(AND(A5<>"",Статистика!$M$6="Вкл",Статистика!$O$6>0),(Статистика!$O$6-Статистика!$C$10)/MAX(Статистика!$G$10-Статистика!$C$10,0.000001),NA()) -> #N/A | BR5: =IF(A5="",NA(),1) -> 1 | BT5: =IF(Y5="","",MAX(0,MIN(1,(((IF(Статистика!$C$4="Параллельный режим (активная мощность)",Z5,AK5)+Статистика!$J$4))-Статистика!$C$10)/MAX(Статистика!$G$10-Статистика!$C$10,0.000001)))) -> 0.52821157 | BU5: =IF(Y5="","",MAX(0,MAX(0,MIN(1,(((IF(Статистика!$C$4="Параллельный режим (активная мощность)",AB5,AM5)+Статистика!$J$4))-Статистика!$C$10)/MAX(Статистика!$G$10-Статистика!$C$10,0.000001)))-MAX(0,MIN(1,(((IF(Статистика!$C$4="Параллельный режим (активная мощность)",Z5,AK5)+Статистика!$J$4))-Статистика!$C$10)/MAX(Статистика!$G$10-Статистика!$C$10,0.000001))))) -> 0.022328515 | BV5: =IF(Y5="","",MAX(0,MAX(0,MIN(1,(((IF(Статистика!$C$4="Параллельный режим (активная мощность)",AC5,AN5)+Статистика!$J$4))-Статистика!$C$10)/MAX(Статистика!$G$10-Статистика!$C$10,0.000001)))-MAX(0,MIN(1,(((IF(Статистика!$C$4="Параллельный режим (активная мощность)",AB5,AM5)+Статистика!$J$4))-Статистика!$C$10)/MAX(Статистика!$G$10-Статистика!$C$10,0.000001))))) -> 0.054493142 | BW5: =IF(Y5="","",MAX(0,MAX(0,MIN(1,(((IF(Статистика!$C$4="Параллельный режим (активная мощность)",AD5,AO5)+Статистика!$J$4))-Статистика!$C$10)/MAX(Статистика!$G$10-Статистика!$C$10,0.000001)))-MAX(0,MIN(1,(((IF(Статистика!$C$4="Параллельный режим (активная мощность)",AC5,AN5)+Статистика!$J$4))-Статистика!$C$10)/MAX(Статистика!$G$10-Статистика!$C$10,0.000001))))) -> 0.028223297 | BX5: =IF(Y5="","",MAX(0,MAX(0,MIN(1,(((IF(Статистика!$C$4="Параллельный режим (активная мощность)",AE5,AP5)+Статистика!$J$4))-Статистика!$C$10)/MAX(Статистика!$G$10-Статистика!$C$10,0.000001)))-MAX(0,MIN(1,(((IF(Статистика!$C$4="Параллельный режим (активная мощность)",AD5,AO5)+Статистика!$J$4))-Статистика!$C$10)/MAX(Статистика!$G$10-Статистика!$C$10,0.000001))))) -> 0.010552661 | BY5: =IF(Y5="","",MAX(0,MAX(0,MIN(1,(((IF(Статистика!$C$4="Параллельный режим (активная мощность)",AF5,AQ5)+Статистика!$J$4))-Статистика!$C$10)/MAX(Статистика!$G$10-Статистика!$C$10,0.000001)))-MAX(0,MIN(1,(((IF(Статистика!$C$4="Параллельный режим (активная мощность)",AE5,AP5)+Статистика!$J$4))-Статистика!$C$10)/MAX(Статистика!$G$10-Статистика!$C$10,0.000001))))) -> 0.15580193 | BZ5: =IF(Y5="","",MAX(0,MAX(0,MIN(1,(((IF(Статистика!$C$4="Параллельный режим (активная мощность)",AH5,AS5)+Статистика!$J$4))-Статистика!$C$10)/MAX(Статистика!$G$10-Статистика!$C$10,0.000001)))-MAX(0,MIN(1,(((IF(Статистика!$C$4="Параллельный режим (активная мощность)",AF5,AQ5)+Статистика!$J$4))-Статистика!$C$10)/MAX(Статистика!$G$10-Статистика!$C$10,0.000001))))) -> 0.032504791 | CA5: =IF(Y5="","",MAX(0,1-MAX(0,MIN(1,(((IF(Статистика!$C$4="Параллельный режим (активная мощность)",AH5,AS5)+Статистика!$J$4))-Статистика!$C$10)/MAX(Статистика!$G$10-Статистика!$C$10,0.000001))))) -> 0.1678841 | CB5: =IF(Y5="",NA(),IF(Статистика!$B$8="Вкл",(((IF(Статистика!$C$4="Параллельный режим (активная мощность)",AD5,AO5)+Статистика!$J$4))-Статистика!$C$10)/MAX(Статистика!$G$10-Статистика!$C$10,0.000001),NA())) -> 0.63325652 | CC5: =IF(Y5="",NA(),IF(Статистика!$D$8="Вкл",(((IF(Статистика!$C$4="Параллельный режим (активная мощность)",AC5,AN5)+Статистика!$J$4))-Статистика!$C$10)/MAX(Статистика!$G$10-Статистика!$C$10,0.000001),NA())) -> 0.60503323 | CD5: =IF(Y5="",NA(),IF(Статистика!$D$8="Вкл",(((IF(Статистика!$C$4="Параллельный режим (активная мощность)",AE5,AP5)+Статистика!$J$4))-Статистика!$C$10)/MAX(Статистика!$G$10-Статистика!$C$10,0.000001),NA())) -> 0.64380918 | CE5: =IF(Y5="",NA(),IF(Статистика!$F$8="Вкл",(((IF(Статистика!$C$4="Параллельный режим (активная мощность)",AB5,AM5)+Статистика!$J$4))-Статистика!$C$10)/MAX(Статистика!$G$10-Статистика!$C$10,0.000001),NA())) -> 0.55054008 | CF5: =IF(Y5="",NA(),IF(Статистика!$F$8="Вкл",(((IF(Статистика!$C$4="Параллельный режим (активная мощность)",AF5,AQ5)+Статистика!$J$4))-Статистика!$C$10)/MAX(Статистика!$G$10-Статистика!$C$10,0.000001),NA())) -> 0.79961111 | CG5: =IF(Y5="",NA(),IF(Статистика!$H$8="Вкл",(((IF(Статистика!$C$4="Параллельный режим (активная мощность)",Z5,AK5)+Статистика!$J$4))-Статистика!$C$10)/MAX(Статистика!$G$10-Статистика!$C$10,0.000001),NA())) -> 0.52821157 | CH5: =IF(Y5="",NA(),IF(Статистика!$H$8="Вкл",(((IF(Статистика!$C$4="Параллельный режим (активная мощность)",AH5,AS5)+Статистика!$J$4))-Статистика!$C$10)/MAX(Статистика!$G$10-Статистика!$C$10,0.000001),NA())) -> 0.8321159 | CI5: =IF(Y5="",NA(),IF(Статистика!$J$8="Вкл",(((IF(Статистика!$C$4="Параллельный режим (активная мощность)",AI5,AT5)+Статистика!$J$4))-Статистика!$C$10)/MAX(Статистика!$G$10-Статистика!$C$10,0.000001),NA())) -> #N/A | CJ5: =IF(AND(Y5<>"",Статистика!$C$6="Вкл",Статистика!$B$6>0),(Статистика!$B$6-Статистика!$C$10)/MAX(Статистика!$G$10-Статистика!$C$10,0.000001),NA()) -> #N/A | CK5: =IF(AND(Y5<>"",Статистика!$F$6="Вкл",Статистика!$E$6>0),(Статистика!$E$6-Статистика!$C$10)/MAX(Статистика!$G$10-Статистика!$C$10,0.000001),NA()) -> #N/A | CL5: =IF(AND(Y5<>"",Статистика!$I$6="Вкл",Статистика!$H$6>0),(Статистика!$H$6-Статистика!$C$10)/MAX(Статистика!$G$10-Статистика!$C$10,0.000001),NA()) -> #N/A | CM5: =IF(AND(Y5<>"",Статистика!$L$6="Вкл",Статистика!$K$6>0),(Статистика!$K$6-Статистика!$C$10)/MAX(Статистика!$G$10-Статистика!$C$10,0.000001),NA()) -> #N/A | CN5: =IF(AND(Y5<>"",Статистика!$M$6="Вкл",Статистика!$O$6>0),(Статистика!$O$6-Статистика!$C$10)/MAX(Статистика!$G$10-Статистика!$C$10,0.000001),NA()) -> #N/A | CO5: =IF(Y5="",NA(),1) -> 1
A6: 00:20 | B6: 2313.9931 | C6: 5701.7546 | D6: 7377.8602 | E6: 7678.7573 | F6: 7908.5602 | G6: 8087.514 | H6: 8401.3414 | I6: 8489.8241 | J6: 8558.0745 | K6: 8670.17 | L6: 2026-07-08 00:20:51 | M6: 2869.0522 | N6: 6576.4727 | O6: 8431.473 | P6: 8745.7182 | Q6: 8950.8459 | R6: 9178.9856 | S6: 9456.6225 | T6: 9590.5439 | U6: 9727.6675 | V6: 9845.73 | W6: 2026-07-08 00:20:51 | Y6: 00:20 | Z6: 7611.585 | AA6: 7648.0968 | AB6: 7693.7366 | AC6: 7812.1308 | AD6: 7905.0527 | AE6: 7966.1439 | AF6: 8375.5538 | AG6: 8435.5595 | AH6: 8483.5641 | AI6: 8591.87 | AJ6: 2026-07-05 00:23:39 | AK6: 8719.5547 | AL6: 8743.6159 | AM6: 8773.6923 | AN6: 8974.6134 | AO6: 9022.2487 | AP6: 9065.5859 | AQ6: 9455.3227 | AR6: 9526.7196 | AS6: 9583.8372 | AT6: 9676.94 | AU6: 2026-07-05 00:23:39 | AW6: =IF(A6="","",MAX(0,MIN(1,(((IF(Статистика!$C$4="Параллельный режим (активная мощность)",B6,M6)+Статистика!$J$4))-Статистика!$C$10)/MAX(Статистика!$G$10-Статистика!$C$10,0.000001)))) -> 0 | AX6: =IF(A6="","",MAX(0,MAX(0,MIN(1,(((IF(Статистика!$C$4="Параллельный режим (активная мощность)",D6,O6)+Статистика!$J$4))-Статистика!$C$10)/MAX(Статистика!$G$10-Статистика!$C$10,0.000001)))-MAX(0,MIN(1,(((IF(Статистика!$C$4="Параллельный режим (активная мощность)",B6,M6)+Статистика!$J$4))-Статистика!$C$10)/MAX(Статистика!$G$10-Статистика!$C$10,0.000001))))) -> 0.45928674 | AY6: =IF(A6="","",MAX(0,MAX(0,MIN(1,(((IF(Статистика!$C$4="Параллельный режим (активная мощность)",E6,P6)+Статистика!$J$4))-Статистика!$C$10)/MAX(Статистика!$G$10-Статистика!$C$10,0.000001)))-MAX(0,MIN(1,(((IF(Статистика!$C$4="Параллельный режим (активная мощность)",D6,O6)+Статистика!$J$4))-Статистика!$C$10)/MAX(Статистика!$G$10-Статистика!$C$10,0.000001))))) -> 0.10029902 | AZ6: =IF(A6="","",MAX(0,MAX(0,MIN(1,(((IF(Статистика!$C$4="Параллельный режим (активная мощность)",F6,Q6)+Статистика!$J$4))-Статистика!$C$10)/MAX(Статистика!$G$10-Статистика!$C$10,0.000001)))-MAX(0,MIN(1,(((IF(Статистика!$C$4="Параллельный режим (активная мощность)",E6,P6)+Статистика!$J$4))-Статистика!$C$10)/MAX(Статистика!$G$10-Статистика!$C$10,0.000001))))) -> 0.076600958 | BA6: =IF(A6="","",MAX(0,MAX(0,MIN(1,(((IF(Статистика!$C$4="Параллельный режим (активная мощность)",G6,R6)+Статистика!$J$4))-Статистика!$C$10)/MAX(Статистика!$G$10-Статистика!$C$10,0.000001)))-MAX(0,MIN(1,(((IF(Статистика!$C$4="Параллельный режим (активная мощность)",F6,Q6)+Статистика!$J$4))-Статистика!$C$10)/MAX(Статистика!$G$10-Статистика!$C$10,0.000001))))) -> 0.059651256 | BB6: =IF(A6="","",MAX(0,MAX(0,MIN(1,(((IF(Статистика!$C$4="Параллельный режим (активная мощность)",H6,S6)+Статистика!$J$4))-Статистика!$C$10)/MAX(Статистика!$G$10-Статистика!$C$10,0.000001)))-MAX(0,MIN(1,(((IF(Статистика!$C$4="Параллельный режим (активная мощность)",G6,R6)+Статистика!$J$4))-Статистика!$C$10)/MAX(Статистика!$G$10-Статистика!$C$10,0.000001))))) -> 0.10460915 | BC6: =IF(A6="","",MAX(0,MAX(0,MIN(1,(((IF(Статистика!$C$4="Параллельный режим (активная мощность)",J6,U6)+Статистика!$J$4))-Статистика!$C$10)/MAX(Статистика!$G$10-Статистика!$C$10,0.000001)))-MAX(0,MIN(1,(((IF(Статистика!$C$4="Параллельный режим (активная мощность)",H6,S6)+Статистика!$J$4))-Статистика!$C$10)/MAX(Статистика!$G$10-Статистика!$C$10,0.000001))))) -> 0.052244378 | BD6: =IF(A6="","",MAX(0,1-MAX(0,MIN(1,(((IF(Статистика!$C$4="Параллельный режим (активная мощность)",J6,U6)+Статистика!$J$4))-Статистика!$C$10)/MAX(Статистика!$G$10-Статистика!$C$10,0.000001))))) -> 0.14730849 | BE6: =IF(A6="",NA(),IF(Статистика!$B$8="Вкл",(((IF(Статистика!$C$4="Параллельный режим (активная мощность)",F6,Q6)+Статистика!$J$4))-Статистика!$C$10)/MAX(Статистика!$G$10-Статистика!$C$10,0.000001),NA())) -> 0.63618673 | BF6: =IF(A6="",NA(),IF(Статистика!$D$8="Вкл",(((IF(Статистика!$C$4="Параллельный режим (активная мощность)",E6,P6)+Статистика!$J$4))-Статистика!$C$10)/MAX(Статистика!$G$10-Статистика!$C$10,0.000001),NA())) -> 0.55958577 | BG6: =IF(A6="",NA(),IF(Статистика!$D$8="Вкл",(((IF(Статистика!$C$4="Параллельный режим (активная мощность)",G6,R6)+Статистика!$J$4))-Статистика!$C$10)/MAX(Статистика!$G$10-Статистика!$C$10,0.000001),NA())) -> 0.69583798 | BH6: =IF(A6="",NA(),IF(Статистика!$F$8="Вкл",(((IF(Статистика!$C$4="Параллельный режим (активная мощность)",D6,O6)+Статистика!$J$4))-Статистика!$C$10)/MAX(Статистика!$G$10-Статистика!$C$10,0.000001),NA())) -> 0.45928674 | BI6: =IF(A6="",NA(),IF(Статистика!$F$8="Вкл",(((IF(Статистика!$C$4="Параллельный режим (активная мощность)",H6,S6)+Статистика!$J$4))-Статистика!$C$10)/MAX(Статистика!$G$10-Статистика!$C$10,0.000001),NA())) -> 0.80044713 | BJ6: =IF(A6="",NA(),IF(Статистика!$H$8="Вкл",(((IF(Статистика!$C$4="Параллельный режим (активная мощность)",B6,M6)+Статистика!$J$4))-Статистика!$C$10)/MAX(Статистика!$G$10-Статистика!$C$10,0.000001),NA())) -> -1.228669 | BK6: =IF(A6="",NA(),IF(Статистика!$H$8="Вкл",(((IF(Статистика!$C$4="Параллельный режим (активная мощность)",J6,U6)+Статистика!$J$4))-Статистика!$C$10)/MAX(Статистика!$G$10-Статистика!$C$10,0.000001),NA())) -> 0.85269151 | BL6: =IF(A6="",NA(),IF(Статистика!$J$8="Вкл",(((IF(Статистика!$C$4="Параллельный режим (активная мощность)",K6,V6)+Статистика!$J$4))-Статистика!$C$10)/MAX(Статистика!$G$10-Статистика!$C$10,0.000001),NA())) -> #N/A | BM6: =IF(AND(A6<>"",Статистика!$C$6="Вкл",Статистика!$B$6>0),(Статистика!$B$6-Статистика!$C$10)/MAX(Статистика!$G$10-Статистика!$C$10,0.000001),NA()) -> #N/A | BN6: =IF(AND(A6<>"",Статистика!$F$6="Вкл",Статистика!$E$6>0),(Статистика!$E$6-Статистика!$C$10)/MAX(Статистика!$G$10-Статистика!$C$10,0.000001),NA()) -> #N/A | BO6: =IF(AND(A6<>"",Статистика!$I$6="Вкл",Статистика!$H$6>0),(Статистика!$H$6-Статистика!$C$10)/MAX(Статистика!$G$10-Статистика!$C$10,0.000001),NA()) -> #N/A | BP6: =IF(AND(A6<>"",Статистика!$L$6="Вкл",Статистика!$K$6>0),(Статистика!$K$6-Статистика!$C$10)/MAX(Статистика!$G$10-Статистика!$C$10,0.000001),NA()) -> #N/A | BQ6: =IF(AND(A6<>"",Статистика!$M$6="Вкл",Статистика!$O$6>0),(Статистика!$O$6-Статистика!$C$10)/MAX(Статистика!$G$10-Статистика!$C$10,0.000001),NA()) -> #N/A | BR6: =IF(A6="",NA(),1) -> 1 | BT6: =IF(Y6="","",MAX(0,MIN(1,(((IF(Статистика!$C$4="Параллельный режим (активная мощность)",Z6,AK6)+Статистика!$J$4))-Статистика!$C$10)/MAX(Статистика!$G$10-Статистика!$C$10,0.000001)))) -> 0.53719499 | BU6: =IF(Y6="","",MAX(0,MAX(0,MIN(1,(((IF(Статистика!$C$4="Параллельный режим (активная мощность)",AB6,AM6)+Статистика!$J$4))-Статистика!$C$10)/MAX(Статистика!$G$10-Статистика!$C$10,0.000001)))-MAX(0,MIN(1,(((IF(Статистика!$C$4="Параллельный режим (активная мощность)",Z6,AK6)+Статистика!$J$4))-Статистика!$C$10)/MAX(Статистика!$G$10-Статистика!$C$10,0.000001))))) -> 0.027383895 | BV6: =IF(Y6="","",MAX(0,MAX(0,MIN(1,(((IF(Статистика!$C$4="Параллельный режим (активная мощность)",AC6,AN6)+Статистика!$J$4))-Статистика!$C$10)/MAX(Статистика!$G$10-Статистика!$C$10,0.000001)))-MAX(0,MIN(1,(((IF(Статистика!$C$4="Параллельный режим (активная мощность)",AB6,AM6)+Статистика!$J$4))-Статистика!$C$10)/MAX(Статистика!$G$10-Статистика!$C$10,0.000001))))) -> 0.039464722 | BW6: =IF(Y6="","",MAX(0,MAX(0,MIN(1,(((IF(Статистика!$C$4="Параллельный режим (активная мощность)",AD6,AO6)+Статистика!$J$4))-Статистика!$C$10)/MAX(Статистика!$G$10-Статистика!$C$10,0.000001)))-MAX(0,MIN(1,(((IF(Статистика!$C$4="Параллельный режим (активная мощность)",AC6,AN6)+Статистика!$J$4))-Статистика!$C$10)/MAX(Статистика!$G$10-Статистика!$C$10,0.000001))))) -> 0.030973978 | BX6: =IF(Y6="","",MAX(0,MAX(0,MIN(1,(((IF(Статистика!$C$4="Параллельный режим (активная мощность)",AE6,AP6)+Статистика!$J$4))-Статистика!$C$10)/MAX(Статистика!$G$10-Статистика!$C$10,0.000001)))-MAX(0,MIN(1,(((IF(Статистика!$C$4="Параллельный режим (активная мощность)",AD6,AO6)+Статистика!$J$4))-Статистика!$C$10)/MAX(Статистика!$G$10-Статистика!$C$10,0.000001))))) -> 0.020363714 | BY6: =IF(Y6="","",MAX(0,MAX(0,MIN(1,(((IF(Статистика!$C$4="Параллельный режим (активная мощность)",AF6,AQ6)+Статистика!$J$4))-Статистика!$C$10)/MAX(Статистика!$G$10-Статистика!$C$10,0.000001)))-MAX(0,MIN(1,(((IF(Статистика!$C$4="Параллельный режим (активная мощность)",AE6,AP6)+Статистика!$J$4))-Статистика!$C$10)/MAX(Статистика!$G$10-Статистика!$C$10,0.000001))))) -> 0.13646996 | BZ6: =IF(Y6="","",MAX(0,MAX(0,MIN(1,(((IF(Статистика!$C$4="Параллельный режим (активная мощность)",AH6,AS6)+Статистика!$J$4))-Статистика!$C$10)/MAX(Статистика!$G$10-Статистика!$C$10,0.000001)))-MAX(0,MIN(1,(((IF(Статистика!$C$4="Параллельный режим (активная мощность)",AF6,AQ6)+Статистика!$J$4))-Статистика!$C$10)/MAX(Статистика!$G$10-Статистика!$C$10,0.000001))))) -> 0.036003434 | CA6: =IF(Y6="","",MAX(0,1-MAX(0,MIN(1,(((IF(Статистика!$C$4="Параллельный режим (активная мощность)",AH6,AS6)+Статистика!$J$4))-Статистика!$C$10)/MAX(Статистика!$G$10-Статистика!$C$10,0.000001))))) -> 0.1721453 | CB6: =IF(Y6="",NA(),IF(Статистика!$B$8="Вкл",(((IF(Статистика!$C$4="Параллельный режим (активная мощность)",AD6,AO6)+Статистика!$J$4))-Статистика!$C$10)/MAX(Статистика!$G$10-Статистика!$C$10,0.000001),NA())) -> 0.63501758 | CC6: =IF(Y6="",NA(),IF(Статистика!$D$8="Вкл",(((IF(Статистика!$C$4="Параллельный режим (активная мощность)",AC6,AN6)+Статистика!$J$4))-Статистика!$C$10)/MAX(Статистика!$G$10-Статистика!$C$10,0.000001),NA())) -> 0.60404361 | CD6: =IF(Y6="",NA(),IF(Статистика!$D$8="Вкл",(((IF(Статистика!$C$4="Параллельный режим (активная мощность)",AE6,AP6)+Статистика!$J$4))-Статистика!$C$10)/MAX(Статистика!$G$10-Статистика!$C$10,0.000001),NA())) -> 0.6553813 | CE6: =IF(Y6="",NA(),IF(Статистика!$F$8="Вкл",(((IF(Статистика!$C$4="Параллельный режим (активная мощность)",AB6,AM6)+Статистика!$J$4))-Статистика!$C$10)/MAX(Статистика!$G$10-Статистика!$C$10,0.000001),NA())) -> 0.56457888 | CF6: =IF(Y6="",NA(),IF(Статистика!$F$8="Вкл",(((IF(Статистика!$C$4="Параллельный режим (активная мощность)",AF6,AQ6)+Статистика!$J$4))-Статистика!$C$10)/MAX(Статистика!$G$10-Статистика!$C$10,0.000001),NA())) -> 0.79185126 | CG6: =IF(Y6="",NA(),IF(Статистика!$H$8="Вкл",(((IF(Статистика!$C$4="Параллельный режим (активная мощность)",Z6,AK6)+Статистика!$J$4))-Статистика!$C$10)/MAX(Статистика!$G$10-Статистика!$C$10,0.000001),NA())) -> 0.53719499 | CH6: =IF(Y6="",NA(),IF(Статистика!$H$8="Вкл",(((IF(Статистика!$C$4="Параллельный режим (активная мощность)",AH6,AS6)+Статистика!$J$4))-Статистика!$C$10)/MAX(Статистика!$G$10-Статистика!$C$10,0.000001),NA())) -> 0.8278547 | CI6: =IF(Y6="",NA(),IF(Статистика!$J$8="Вкл",(((IF(Статистика!$C$4="Параллельный режим (активная мощность)",AI6,AT6)+Статистика!$J$4))-Статистика!$C$10)/MAX(Статистика!$G$10-Статистика!$C$10,0.000001),NA())) -> #N/A | CJ6: =IF(AND(Y6<>"",Статистика!$C$6="Вкл",Статистика!$B$6>0),(Статистика!$B$6-Статистика!$C$10)/MAX(Статистика!$G$10-Статистика!$C$10,0.000001),NA()) -> #N/A | CK6: =IF(AND(Y6<>"",Статистика!$F$6="Вкл",Статистика!$E$6>0),(Статистика!$E$6-Статистика!$C$10)/MAX(Статистика!$G$10-Статистика!$C$10,0.000001),NA()) -> #N/A | CL6: =IF(AND(Y6<>"",Статистика!$I$6="Вкл",Статистика!$H$6>0),(Статистика!$H$6-Статистика!$C$10)/MAX(Статистика!$G$10-Статистика!$C$10,0.000001),NA()) -> #N/A | CM6: =IF(AND(Y6<>"",Статистика!$L$6="Вкл",Статистика!$K$6>0),(Статистика!$K$6-Статистика!$C$10)/MAX(Статистика!$G$10-Статистика!$C$10,0.000001),NA()) -> #N/A | CN6: =IF(AND(Y6<>"",Статистика!$M$6="Вкл",Статистика!$O$6>0),(Статистика!$O$6-Статистика!$C$10)/MAX(Статистика!$G$10-Статистика!$C$10,0.000001),NA()) -> #N/A | CO6: =IF(Y6="",NA(),1) -> 1
A7: 00:25 | B7: 2316.7703 | C7: 5717.2776 | D7: 7376.9018 | E7: 7611.1196 | F7: 7917.4805 | G7: 8065.8743 | H7: 8384.9413 | I7: 8481.9484 | J7: 8552.0409 | K7: 8678.81 | L7: 2026-07-08 00:27:05 | M7: 2869.5018 | N7: 6597.2377 | O7: 8430.6105 | P7: 8750.3221 | Q7: 8989.6797 | R7: 9169.8942 | S7: 9447.1953 | T7: 9592.3678 | U7: 9741.2333 | V7: 9877.99 | W7: 2026-07-08 00:27:05 | Y7: 00:25 | Z7: 7638.9455 | AA7: 7662.9566 | AB7: 7692.9704 | AC7: 7842.3996 | AD7: 7879.8802 | AE7: 7906.4962 | AF7: 8361.5503 | AG7: 8414.7421 | AH7: 8457.2955 | AI7: 8539.75 | AJ7: 2026-07-05 00:28:54 | AK7: 8750.7562 | AL7: 8763.4533 | AM7: 8779.3246 | AN7: 8948.8515 | AO7: 9004.8882 | AP7: 9055.5487 | AQ7: 9431.5292 | AR7: 9495.9428 | AS7: 9547.4736 | AT7: 9629.81 | AU7: 2026-07-05 00:29:24 | AW7: =IF(A7="","",MAX(0,MIN(1,(((IF(Статистика!$C$4="Параллельный режим (активная мощность)",B7,M7)+Статистика!$J$4))-Статистика!$C$10)/MAX(Статистика!$G$10-Статистика!$C$10,0.000001)))) -> 0 | AX7: =IF(A7="","",MAX(0,MAX(0,MIN(1,(((IF(Статистика!$C$4="Параллельный режим (активная мощность)",D7,O7)+Статистика!$J$4))-Статистика!$C$10)/MAX(Статистика!$G$10-Статистика!$C$10,0.000001)))-MAX(0,MIN(1,(((IF(Статистика!$C$4="Параллельный режим (активная мощность)",B7,M7)+Статистика!$J$4))-Статистика!$C$10)/MAX(Статистика!$G$10-Статистика!$C$10,0.000001))))) -> 0.45896727 | AY7: =IF(A7="","",MAX(0,MAX(0,MIN(1,(((IF(Статистика!$C$4="Параллельный режим (активная мощность)",E7,P7)+Статистика!$J$4))-Статистика!$C$10)/MAX(Статистика!$G$10-Статистика!$C$10,0.000001)))-MAX(0,MIN(1,(((IF(Статистика!$C$4="Параллельный режим (активная мощность)",D7,O7)+Статистика!$J$4))-Статистика!$C$10)/MAX(Статистика!$G$10-Статистика!$C$10,0.000001))))) -> 0.078072596 | AZ7: =IF(A7="","",MAX(0,MAX(0,MIN(1,(((IF(Статистика!$C$4="Параллельный режим (активная мощность)",F7,Q7)+Статистика!$J$4))-Статистика!$C$10)/MAX(Статистика!$G$10-Статистика!$C$10,0.000001)))-MAX(0,MIN(1,(((IF(Статистика!$C$4="Параллельный режим (активная мощность)",E7,P7)+Статистика!$J$4))-Статистика!$C$10)/MAX(Статистика!$G$10-Статистика!$C$10,0.000001))))) -> 0.1021203 | BA7: =IF(A7="","",MAX(0,MAX(0,MIN(1,(((IF(Статистика!$C$4="Параллельный режим (активная мощность)",G7,R7)+Статистика!$J$4))-Статистика!$C$10)/MAX(Статистика!$G$10-Статистика!$C$10,0.000001)))-MAX(0,MIN(1,(((IF(Статистика!$C$4="Параллельный режим (активная мощность)",F7,Q7)+Статистика!$J$4))-Статистика!$C$10)/MAX(Статистика!$G$10-Статистика!$C$10,0.000001))))) -> 0.049464594 | BB7: =IF(A7="","",MAX(0,MAX(0,MIN(1,(((IF(Статистика!$C$4="Параллельный режим (активная мощность)",H7,S7)+Статистика!$J$4))-Статистика!$C$10)/MAX(Статистика!$G$10-Статистика!$C$10,0.000001)))-MAX(0,MIN(1,(((IF(Статистика!$C$4="Параллельный режим (активная мощность)",G7,R7)+Статистика!$J$4))-Статистика!$C$10)/MAX(Статистика!$G$10-Статистика!$C$10,0.000001))))) -> 0.10635568 | BC7: =IF(A7="","",MAX(0,MAX(0,MIN(1,(((IF(Статистика!$C$4="Параллельный режим (активная мощность)",J7,U7)+Статистика!$J$4))-Статистика!$C$10)/MAX(Статистика!$G$10-Статистика!$C$10,0.000001)))-MAX(0,MIN(1,(((IF(Статистика!$C$4="Параллельный режим (активная мощность)",H7,S7)+Статистика!$J$4))-Статистика!$C$10)/MAX(Статистика!$G$10-Статистика!$C$10,0.000001))))) -> 0.05569984 | BD7: =IF(A7="","",MAX(0,1-MAX(0,MIN(1,(((IF(Статистика!$C$4="Параллельный режим (активная мощность)",J7,U7)+Статистика!$J$4))-Статистика!$C$10)/MAX(Статистика!$G$10-Статистика!$C$10,0.000001))))) -> 0.14931971 | BE7: =IF(A7="",NA(),IF(Статистика!$B$8="Вкл",(((IF(Статистика!$C$4="Параллельный режим (активная мощность)",F7,Q7)+Статистика!$J$4))-Статистика!$C$10)/MAX(Статистика!$G$10-Статистика!$C$10,0.000001),NA())) -> 0.63916017 | BF7: =IF(A7="",NA(),IF(Статистика!$D$8="Вкл",(((IF(Статистика!$C$4="Параллельный режим (активная мощность)",E7,P7)+Статистика!$J$4))-Статистика!$C$10)/MAX(Статистика!$G$10-Статистика!$C$10,0.000001),NA())) -> 0.53703987 | BG7: =IF(A7="",NA(),IF(Статистика!$D$8="Вкл",(((IF(Статистика!$C$4="Параллельный режим (активная мощность)",G7,R7)+Статистика!$J$4))-Статистика!$C$10)/MAX(Статистика!$G$10-Статистика!$C$10,0.000001),NA())) -> 0.68862477 | BH7: =IF(A7="",NA(),IF(Статистика!$F$8="Вкл",(((IF(Статистика!$C$4="Параллельный режим (активная мощность)",D7,O7)+Статистика!$J$4))-Статистика!$C$10)/MAX(Статистика!$G$10-Статистика!$C$10,0.000001),NA())) -> 0.45896727 | BI7: =IF(A7="",NA(),IF(Статистика!$F$8="Вкл",(((IF(Статистика!$C$4="Параллельный режим (активная мощность)",H7,S7)+Статистика!$J$4))-Статистика!$C$10)/MAX(Статистика!$G$10-Статистика!$C$10,0.000001),NA())) -> 0.79498045 | BJ7: =IF(A7="",NA(),IF(Статистика!$H$8="Вкл",(((IF(Статистика!$C$4="Параллельный режим (активная мощность)",B7,M7)+Статистика!$J$4))-Статистика!$C$10)/MAX(Статистика!$G$10-Статистика!$C$10,0.000001),NA())) -> -1.2277432 | BK7: =IF(A7="",NA(),IF(Статистика!$H$8="Вкл",(((IF(Статистика!$C$4="Параллельный режим (активная мощность)",J7,U7)+Статистика!$J$4))-Статистика!$C$10)/MAX(Статистика!$G$10-Статистика!$C$10,0.000001),NA())) -> 0.85068029 | BL7: =IF(A7="",NA(),IF(Статистика!$J$8="Вкл",(((IF(Статистика!$C$4="Параллельный режим (активная мощность)",K7,V7)+Статистика!$J$4))-Статистика!$C$10)/MAX(Статистика!$G$10-Статистика!$C$10,0.000001),NA())) -> #N/A | BM7: =IF(AND(A7<>"",Статистика!$C$6="Вкл",Статистика!$B$6>0),(Статистика!$B$6-Статистика!$C$10)/MAX(Статистика!$G$10-Статистика!$C$10,0.000001),NA()) -> #N/A | BN7: =IF(AND(A7<>"",Статистика!$F$6="Вкл",Статистика!$E$6>0),(Статистика!$E$6-Статистика!$C$10)/MAX(Статистика!$G$10-Статистика!$C$10,0.000001),NA()) -> #N/A | BO7: =IF(AND(A7<>"",Статистика!$I$6="Вкл",Статистика!$H$6>0),(Статистика!$H$6-Статистика!$C$10)/MAX(Статистика!$G$10-Статистика!$C$10,0.000001),NA()) -> #N/A | BP7: =IF(AND(A7<>"",Статистика!$L$6="Вкл",Статистика!$K$6>0),(Статистика!$K$6-Статистика!$C$10)/MAX(Статистика!$G$10-Статистика!$C$10,0.000001),NA()) -> #N/A | BQ7: =IF(AND(A7<>"",Статистика!$M$6="Вкл",Статистика!$O$6>0),(Статистика!$O$6-Статистика!$C$10)/MAX(Статистика!$G$10-Статистика!$C$10,0.000001),NA()) -> #N/A | BR7: =IF(A7="",NA(),1) -> 1 | BT7: =IF(Y7="","",MAX(0,MIN(1,(((IF(Статистика!$C$4="Параллельный режим (активная мощность)",Z7,AK7)+Статистика!$J$4))-Статистика!$C$10)/MAX(Статистика!$G$10-Статистика!$C$10,0.000001)))) -> 0.54631518 | BU7: =IF(Y7="","",MAX(0,MAX(0,MIN(1,(((IF(Статистика!$C$4="Параллельный режим (активная мощность)",AB7,AM7)+Статистика!$J$4))-Статистика!$C$10)/MAX(Статистика!$G$10-Статистика!$C$10,0.000001)))-MAX(0,MIN(1,(((IF(Статистика!$C$4="Параллельный режим (активная мощность)",Z7,AK7)+Статистика!$J$4))-Статистика!$C$10)/MAX(Статистика!$G$10-Статистика!$C$10,0.000001))))) -> 0.018008282 | BV7: =IF(Y7="","",MAX(0,MAX(0,MIN(1,(((IF(Статистика!$C$4="Параллельный режим (активная мощность)",AC7,AN7)+Статистика!$J$4))-Статистика!$C$10)/MAX(Статистика!$G$10-Статистика!$C$10,0.000001)))-MAX(0,MIN(1,(((IF(Статистика!$C$4="Параллельный режим (активная мощность)",AB7,AM7)+Статистика!$J$4))-Статистика!$C$10)/MAX(Статистика!$G$10-Статистика!$C$10,0.000001))))) -> 0.049809729 | BW7: =IF(Y7="","",MAX(0,MAX(0,MIN(1,(((IF(Статистика!$C$4="Параллельный режим (активная мощность)",AD7,AO7)+Статистика!$J$4))-Статистика!$C$10)/MAX(Статистика!$G$10-Статистика!$C$10,0.000001)))-MAX(0,MIN(1,(((IF(Статистика!$C$4="Параллельный режим (активная мощность)",AC7,AN7)+Статистика!$J$4))-Статистика!$C$10)/MAX(Статистика!$G$10-Статистика!$C$10,0.000001))))) -> 0.012493536 | BX7: =IF(Y7="","",MAX(0,MAX(0,MIN(1,(((IF(Статистика!$C$4="Параллельный режим (активная мощность)",AE7,AP7)+Статистика!$J$4))-Статистика!$C$10)/MAX(Статистика!$G$10-Статистика!$C$10,0.000001)))-MAX(0,MIN(1,(((IF(Статистика!$C$4="Параллельный режим (активная мощность)",AD7,AO7)+Статистика!$J$4))-Статистика!$C$10)/MAX(Статистика!$G$10-Статистика!$C$10,0.000001))))) -> 0.0088720222 | BY7: =IF(Y7="","",MAX(0,MAX(0,MIN(1,(((IF(Статистика!$C$4="Параллельный режим (активная мощность)",AF7,AQ7)+Статистика!$J$4))-Статистика!$C$10)/MAX(Статистика!$G$10-Статистика!$C$10,0.000001)))-MAX(0,MIN(1,(((IF(Статистика!$C$4="Параллельный режим (активная мощность)",AE7,AP7)+Статистика!$J$4))-Статистика!$C$10)/MAX(Статистика!$G$10-Статистика!$C$10,0.000001))))) -> 0.1516847 | BZ7: =IF(Y7="","",MAX(0,MAX(0,MIN(1,(((IF(Статистика!$C$4="Параллельный режим (активная мощность)",AH7,AS7)+Статистика!$J$4))-Статистика!$C$10)/MAX(Статистика!$G$10-Статистика!$C$10,0.000001)))-MAX(0,MIN(1,(((IF(Статистика!$C$4="Параллельный режим (активная мощность)",AF7,AQ7)+Статистика!$J$4))-Статистика!$C$10)/MAX(Статистика!$G$10-Статистика!$C$10,0.000001))))) -> 0.03191507 | CA7: =IF(Y7="","",MAX(0,1-MAX(0,MIN(1,(((IF(Статистика!$C$4="Параллельный режим (активная мощность)",AH7,AS7)+Статистика!$J$4))-Статистика!$C$10)/MAX(Статистика!$G$10-Статистика!$C$10,0.000001))))) -> 0.18090149 | CB7: =IF(Y7="",NA(),IF(Статистика!$B$8="Вкл",(((IF(Статистика!$C$4="Параллельный режим (активная мощность)",AD7,AO7)+Статистика!$J$4))-Статистика!$C$10)/MAX(Статистика!$G$10-Статистика!$C$10,0.000001),NA())) -> 0.62662672 | CC7: =IF(Y7="",NA(),IF(Статистика!$D$8="Вкл",(((IF(Статистика!$C$4="Параллельный режим (активная мощность)",AC7,AN7)+Статистика!$J$4))-Статистика!$C$10)/MAX(Статистика!$G$10-Статистика!$C$10,0.000001),NA())) -> 0.61413319 | CD7: =IF(Y7="",NA(),IF(Статистика!$D$8="Вкл",(((IF(Статистика!$C$4="Параллельный режим (активная мощность)",AE7,AP7)+Статистика!$J$4))-Статистика!$C$10)/MAX(Статистика!$G$10-Статистика!$C$10,0.000001),NA())) -> 0.63549874 | CE7: =IF(Y7="",NA(),IF(Статистика!$F$8="Вкл",(((IF(Статистика!$C$4="Параллельный режим (активная мощность)",AB7,AM7)+Статистика!$J$4))-Статистика!$C$10)/MAX(Статистика!$G$10-Статистика!$C$10,0.000001),NA())) -> 0.56432346 | CF7: =IF(Y7="",NA(),IF(Статистика!$F$8="Вкл",(((IF(Статистика!$C$4="Параллельный режим (активная мощность)",AF7,AQ7)+Статистика!$J$4))-Статистика!$C$10)/MAX(Статистика!$G$10-Статистика!$C$10,0.000001),NA())) -> 0.78718344 | CG7: =IF(Y7="",NA(),IF(Статистика!$H$8="Вкл",(((IF(Статистика!$C$4="Параллельный режим (активная мощность)",Z7,AK7)+Статистика!$J$4))-Статистика!$C$10)/MAX(Статистика!$G$10-Статистика!$C$10,0.000001),NA())) -> 0.54631518 | CH7: =IF(Y7="",NA(),IF(Статистика!$H$8="Вкл",(((IF(Статистика!$C$4="Параллельный режим (активная мощность)",AH7,AS7)+Статистика!$J$4))-Статистика!$C$10)/MAX(Статистика!$G$10-Статистика!$C$10,0.000001),NA())) -> 0.81909851 | CI7: =IF(Y7="",NA(),IF(Статистика!$J$8="Вкл",(((IF(Статистика!$C$4="Параллельный режим (активная мощность)",AI7,AT7)+Статистика!$J$4))-Статистика!$C$10)/MAX(Статистика!$G$10-Статистика!$C$10,0.000001),NA())) -> #N/A | CJ7: =IF(AND(Y7<>"",Статистика!$C$6="Вкл",Статистика!$B$6>0),(Статистика!$B$6-Статистика!$C$10)/MAX(Статистика!$G$10-Статистика!$C$10,0.000001),NA()) -> #N/A | CK7: =IF(AND(Y7<>"",Статистика!$F$6="Вкл",Статистика!$E$6>0),(Статистика!$E$6-Статистика!$C$10)/MAX(Статистика!$G$10-Статистика!$C$10,0.000001),NA()) -> #N/A | CL7: =IF(AND(Y7<>"",Статистика!$I$6="Вкл",Статистика!$H$6>0),(Статистика!$H$6-Статистика!$C$10)/MAX(Статистика!$G$10-Статистика!$C$10,0.000001),NA()) -> #N/A | CM7: =IF(AND(Y7<>"",Статистика!$L$6="Вкл",Статистика!$K$6>0),(Статистика!$K$6-Статистика!$C$10)/MAX(Статистика!$G$10-Статистика!$C$10,0.000001),NA()) -> #N/A | CN7: =IF(AND(Y7<>"",Статистика!$M$6="Вкл",Статистика!$O$6>0),(Статистика!$O$6-Статистика!$C$10)/MAX(Статистика!$G$10-Статистика!$C$10,0.000001),NA()) -> #N/A | CO7: =IF(Y7="",NA(),1) -> 1
A8: 00:30 | B8: 2343.2049 | C8: 5818.463 | D8: 7468.1178 | E8: 7623.5547 | F8: 7898.1153 | G8: 8068.2323 | H8: 8374.7769 | I8: 8430.8141 | J8: 8475.4627 | K8: 8760.67 | L8: 2026-07-06 00:31:57 | M8: 2902.2993 | N8: 6729.0708 | O8: 8555.4661 | P8: 8738.6935 | Q8: 8981.1247 | R8: 9163.5576 | S8: 9512.4284 | T8: 9593.6259 | U8: 9609.0023 | V8: 9995.54 | W8: 2026-07-06 00:31:57 | Y8: 00:30 | Z8: 7740.5587 | AA8: 7748.4653 | AB8: 7758.3485 | AC8: 7781.8899 | AD8: 7815.0346 | AE8: 7902.5695 | AF8: 8351.3128 | AG8: 8408.6869 | AH8: 8454.5862 | AI8: 8616.86 | AJ8: 2026-07-05 00:34:12 | AK8: 8795.8701 | AL8: 8810.4331 | AM8: 8828.6368 | AN8: 8881.5489 | AO8: 8963.0698 | AP8: 9019.7156 | AQ8: 9434.0917 | AR8: 9501.7082 | AS8: 9555.8014 | AT8: 9771.06 | AU8: 2026-07-05 00:34:12 | AW8: =IF(A8="","",MAX(0,MIN(1,(((IF(Статистика!$C$4="Параллельный режим (активная мощность)",B8,M8)+Статистика!$J$4))-Статистика!$C$10)/MAX(Статистика!$G$10-Статистика!$C$10,0.000001)))) -> 0 | AX8: =IF(A8="","",MAX(0,MAX(0,MIN(1,(((IF(Статистика!$C$4="Параллельный режим (активная мощность)",D8,O8)+Статистика!$J$4))-Статистика!$C$10)/MAX(Статистика!$G$10-Статистика!$C$10,0.000001)))-MAX(0,MIN(1,(((IF(Статистика!$C$4="Параллельный режим (активная мощность)",B8,M8)+Статистика!$J$4))-Статистика!$C$10)/MAX(Статистика!$G$10-Статистика!$C$10,0.000001))))) -> 0.48937259 | AY8: =IF(A8="","",MAX(0,MAX(0,MIN(1,(((IF(Статистика!$C$4="Параллельный режим (активная мощность)",E8,P8)+Статистика!$J$4))-Статистика!$C$10)/MAX(Статистика!$G$10-Статистика!$C$10,0.000001)))-MAX(0,MIN(1,(((IF(Статистика!$C$4="Параллельный режим (активная мощность)",D8,O8)+Статистика!$J$4))-Статистика!$C$10)/MAX(Статистика!$G$10-Статистика!$C$10,0.000001))))) -> 0.051812304 | AZ8: =IF(A8="","",MAX(0,MAX(0,MIN(1,(((IF(Статистика!$C$4="Параллельный режим (активная мощность)",F8,Q8)+Статистика!$J$4))-Статистика!$C$10)/MAX(Статистика!$G$10-Статистика!$C$10,0.000001)))-MAX(0,MIN(1,(((IF(Статистика!$C$4="Параллельный режим (активная мощность)",E8,P8)+Статистика!$J$4))-Статистика!$C$10)/MAX(Статистика!$G$10-Статистика!$C$10,0.000001))))) -> 0.091520189 | BA8: =IF(A8="","",MAX(0,MAX(0,MIN(1,(((IF(Статистика!$C$4="Параллельный режим (активная мощность)",G8,R8)+Статистика!$J$4))-Статистика!$C$10)/MAX(Статистика!$G$10-Статистика!$C$10,0.000001)))-MAX(0,MIN(1,(((IF(Статистика!$C$4="Параллельный режим (активная мощность)",F8,Q8)+Статистика!$J$4))-Статистика!$C$10)/MAX(Статистика!$G$10-Статистика!$C$10,0.000001))))) -> 0.056705681 | BB8: =IF(A8="","",MAX(0,MAX(0,MIN(1,(((IF(Статистика!$C$4="Параллельный режим (активная мощность)",H8,S8)+Статистика!$J$4))-Статистика!$C$10)/MAX(Статистика!$G$10-Статистика!$C$10,0.000001)))-MAX(0,MIN(1,(((IF(Статистика!$C$4="Параллельный режим (активная мощность)",G8,R8)+Статистика!$J$4))-Статистика!$C$10)/MAX(Статистика!$G$10-Статистика!$C$10,0.000001))))) -> 0.10218152 | BC8: =IF(A8="","",MAX(0,MAX(0,MIN(1,(((IF(Статистика!$C$4="Параллельный режим (активная мощность)",J8,U8)+Статистика!$J$4))-Статистика!$C$10)/MAX(Статистика!$G$10-Статистика!$C$10,0.000001)))-MAX(0,MIN(1,(((IF(Статистика!$C$4="Параллельный режим (активная мощность)",H8,S8)+Статистика!$J$4))-Статистика!$C$10)/MAX(Статистика!$G$10-Статистика!$C$10,0.000001))))) -> 0.033561958 | BD8: =IF(A8="","",MAX(0,1-MAX(0,MIN(1,(((IF(Статистика!$C$4="Параллельный режим (активная мощность)",J8,U8)+Статистика!$J$4))-Статистика!$C$10)/MAX(Статистика!$G$10-Статистика!$C$10,0.000001))))) -> 0.17484576 | BE8: =IF(A8="",NA(),IF(Статистика!$B$8="Вкл",(((IF(Статистика!$C$4="Параллельный режим (активная мощность)",F8,Q8)+Статистика!$J$4))-Статистика!$C$10)/MAX(Статистика!$G$10-Статистика!$C$10,0.000001),NA())) -> 0.63270508 | BF8: =IF(A8="",NA(),IF(Статистика!$D$8="Вкл",(((IF(Статистика!$C$4="Параллельный режим (активная мощность)",E8,P8)+Статистика!$J$4))-Статистика!$C$10)/MAX(Статистика!$G$10-Статистика!$C$10,0.000001),NA())) -> 0.54118489 | BG8: =IF(A8="",NA(),IF(Статистика!$D$8="Вкл",(((IF(Статистика!$C$4="Параллельный режим (активная мощность)",G8,R8)+Статистика!$J$4))-Статистика!$C$10)/MAX(Статистика!$G$10-Статистика!$C$10,0.000001),NA())) -> 0.68941076 | BH8: =IF(A8="",NA(),IF(Статистика!$F$8="Вкл",(((IF(Статистика!$C$4="Параллельный режим (активная мощность)",D8,O8)+Статистика!$J$4))-Статистика!$C$10)/MAX(Статистика!$G$10-Статистика!$C$10,0.000001),NA())) -> 0.48937259 | BI8: =IF(A8="",NA(),IF(Статистика!$F$8="Вкл",(((IF(Статистика!$C$4="Параллельный режим (активная мощность)",H8,S8)+Статистика!$J$4))-Статистика!$C$10)/MAX(Статистика!$G$10-Статистика!$C$10,0.000001),NA())) -> 0.79159229 | BJ8: =IF(A8="",NA(),IF(Статистика!$H$8="Вкл",(((IF(Статистика!$C$4="Параллельный режим (активная мощность)",B8,M8)+Статистика!$J$4))-Статистика!$C$10)/MAX(Статистика!$G$10-Статистика!$C$10,0.000001),NA())) -> -1.2189317 | BK8: =IF(A8="",NA(),IF(Статистика!$H$8="Вкл",(((IF(Статистика!$C$4="Параллельный режим (активная мощность)",J8,U8)+Статистика!$J$4))-Статистика!$C$10)/MAX(Статистика!$G$10-Статистика!$C$10,0.000001),NA())) -> 0.82515424 | BL8: =IF(A8="",NA(),IF(Статистика!$J$8="Вкл",(((IF(Статистика!$C$4="Параллельный режим (активная мощность)",K8,V8)+Статистика!$J$4))-Статистика!$C$10)/MAX(Статистика!$G$10-Статистика!$C$10,0.000001),NA())) -> #N/A | BM8: =IF(AND(A8<>"",Статистика!$C$6="Вкл",Статистика!$B$6>0),(Статистика!$B$6-Статистика!$C$10)/MAX(Статистика!$G$10-Статистика!$C$10,0.000001),NA()) -> #N/A | BN8: =IF(AND(A8<>"",Статистика!$F$6="Вкл",Статистика!$E$6>0),(Статистика!$E$6-Статистика!$C$10)/MAX(Статистика!$G$10-Статистика!$C$10,0.000001),NA()) -> #N/A | BO8: =IF(AND(A8<>"",Статистика!$I$6="Вкл",Статистика!$H$6>0),(Статистика!$H$6-Статистика!$C$10)/MAX(Статистика!$G$10-Статистика!$C$10,0.000001),NA()) -> #N/A | BP8: =IF(AND(A8<>"",Статистика!$L$6="Вкл",Статистика!$K$6>0),(Статистика!$K$6-Статистика!$C$10)/MAX(Статистика!$G$10-Статистика!$C$10,0.000001),NA()) -> #N/A | BQ8: =IF(AND(A8<>"",Статистика!$M$6="Вкл",Статистика!$O$6>0),(Статистика!$O$6-Статистика!$C$10)/MAX(Статистика!$G$10-Статистика!$C$10,0.000001),NA()) -> #N/A | BR8: =IF(A8="",NA(),1) -> 1 | BT8: =IF(Y8="","",MAX(0,MIN(1,(((IF(Статистика!$C$4="Параллельный режим (активная мощность)",Z8,AK8)+Статистика!$J$4))-Статистика!$C$10)/MAX(Статистика!$G$10-Статистика!$C$10,0.000001)))) -> 0.58018624 | BU8: =IF(Y8="","",MAX(0,MAX(0,MIN(1,(((IF(Статистика!$C$4="Параллельный режим (активная мощность)",AB8,AM8)+Статистика!$J$4))-Статистика!$C$10)/MAX(Статистика!$G$10-Статистика!$C$10,0.000001)))-MAX(0,MIN(1,(((IF(Статистика!$C$4="Параллельный режим (активная мощность)",Z8,AK8)+Статистика!$J$4))-Статистика!$C$10)/MAX(Статистика!$G$10-Статистика!$C$10,0.000001))))) -> 0.005929924 | BV8: =IF(Y8="","",MAX(0,MAX(0,MIN(1,(((IF(Статистика!$C$4="Параллельный режим (активная мощность)",AC8,AN8)+Статистика!$J$4))-Статистика!$C$10)/MAX(Статистика!$G$10-Статистика!$C$10,0.000001)))-MAX(0,MIN(1,(((IF(Статистика!$C$4="Параллельный режим (активная мощность)",AB8,AM8)+Статистика!$J$4))-Статистика!$C$10)/MAX(Статистика!$G$10-Статистика!$C$10,0.000001))))) -> 0.0078471261 | BW8: =IF(Y8="","",MAX(0,MAX(0,MIN(1,(((IF(Статистика!$C$4="Параллельный режим (активная мощность)",AD8,AO8)+Статистика!$J$4))-Статистика!$C$10)/MAX(Статистика!$G$10-Статистика!$C$10,0.000001)))-MAX(0,MIN(1,(((IF(Статистика!$C$4="Параллельный режим (активная мощность)",AC8,AN8)+Статистика!$J$4))-Статистика!$C$10)/MAX(Статистика!$G$10-Статистика!$C$10,0.000001))))) -> 0.011048264 | BX8: =IF(Y8="","",MAX(0,MAX(0,MIN(1,(((IF(Статистика!$C$4="Параллельный режим (активная мощность)",AE8,AP8)+Статистика!$J$4))-Статистика!$C$10)/MAX(Статистика!$G$10-Статистика!$C$10,0.000001)))-MAX(0,MIN(1,(((IF(Статистика!$C$4="Параллельный режим (активная мощность)",AD8,AO8)+Статистика!$J$4))-Статистика!$C$10)/MAX(Статистика!$G$10-Статистика!$C$10,0.000001))))) -> 0.0291783 | BY8: =IF(Y8="","",MAX(0,MAX(0,MIN(1,(((IF(Статистика!$C$4="Параллельный режим (активная мощность)",AF8,AQ8)+Статистика!$J$4))-Статистика!$C$10)/MAX(Статистика!$G$10-Статистика!$C$10,0.000001)))-MAX(0,MIN(1,(((IF(Статистика!$C$4="Параллельный режим (активная мощность)",AE8,AP8)+Статистика!$J$4))-Статистика!$C$10)/MAX(Статистика!$G$10-Статистика!$C$10,0.000001))))) -> 0.14958109 | BZ8: =IF(Y8="","",MAX(0,MAX(0,MIN(1,(((IF(Статистика!$C$4="Параллельный режим (активная мощность)",AH8,AS8)+Статистика!$J$4))-Статистика!$C$10)/MAX(Статистика!$G$10-Статистика!$C$10,0.000001)))-MAX(0,MIN(1,(((IF(Статистика!$C$4="Параллельный режим (активная мощность)",AF8,AQ8)+Статистика!$J$4))-Статистика!$C$10)/MAX(Статистика!$G$10-Статистика!$C$10,0.000001))))) -> 0.034424445 | CA8: =IF(Y8="","",MAX(0,1-MAX(0,MIN(1,(((IF(Статистика!$C$4="Параллельный режим (активная мощность)",AH8,AS8)+Статистика!$J$4))-Статистика!$C$10)/MAX(Статистика!$G$10-Статистика!$C$10,0.000001))))) -> 0.18180462 | CB8: =IF(Y8="",NA(),IF(Статистика!$B$8="Вкл",(((IF(Статистика!$C$4="Параллельный режим (активная мощность)",AD8,AO8)+Статистика!$J$4))-Статистика!$C$10)/MAX(Статистика!$G$10-Статистика!$C$10,0.000001),NA())) -> 0.60501155 | CC8: =IF(Y8="",NA(),IF(Статистика!$D$8="Вкл",(((IF(Статистика!$C$4="Параллельный режим (активная мощность)",AC8,AN8)+Статистика!$J$4))-Статистика!$C$10)/MAX(Статистика!$G$10-Статистика!$C$10,0.000001),NA())) -> 0.59396329 | CD8: =IF(Y8="",NA(),IF(Статистика!$D$8="Вкл",(((IF(Статистика!$C$4="Параллельный режим (активная мощность)",AE8,AP8)+Статистика!$J$4))-Статистика!$C$10)/MAX(Статистика!$G$10-Статистика!$C$10,0.000001),NA())) -> 0.63418985 | CE8: =IF(Y8="",NA(),IF(Статистика!$F$8="Вкл",(((IF(Статистика!$C$4="Параллельный режим (активная мощность)",AB8,AM8)+Статистика!$J$4))-Статистика!$C$10)/MAX(Статистика!$G$10-Статистика!$C$10,0.000001),NA())) -> 0.58611616 | CF8: =IF(Y8="",NA(),IF(Статистика!$F$8="Вкл",(((IF(Статистика!$C$4="Параллельный режим (активная мощность)",AF8,AQ8)+Статистика!$J$4))-Статистика!$C$10)/MAX(Статистика!$G$10-Статистика!$C$10,0.000001),NA())) -> 0.78377094 | CG8: =IF(Y8="",NA(),IF(Статистика!$H$8="Вкл",(((IF(Статистика!$C$4="Параллельный режим (активная мощность)",Z8,AK8)+Статистика!$J$4))-Статистика!$C$10)/MAX(Статистика!$G$10-Статистика!$C$10,0.000001),NA())) -> 0.58018624 | CH8: =IF(Y8="",NA(),IF(Статистика!$H$8="Вкл",(((IF(Статистика!$C$4="Параллельный режим (активная мощность)",AH8,AS8)+Статистика!$J$4))-Статистика!$C$10)/MAX(Статистика!$G$10-Статистика!$C$10,0.000001),NA())) -> 0.81819538 | CI8: =IF(Y8="",NA(),IF(Статистика!$J$8="Вкл",(((IF(Статистика!$C$4="Параллельный режим (активная мощность)",AI8,AT8)+Статистика!$J$4))-Статистика!$C$10)/MAX(Статистика!$G$10-Статистика!$C$10,0.000001),NA())) -> #N/A | CJ8: =IF(AND(Y8<>"",Статистика!$C$6="Вкл",Статистика!$B$6>0),(Статистика!$B$6-Статистика!$C$10)/MAX(Статистика!$G$10-Статистика!$C$10,0.000001),NA()) -> #N/A | CK8: =IF(AND(Y8<>"",Статистика!$F$6="Вкл",Статистика!$E$6>0),(Статистика!$E$6-Статистика!$C$10)/MAX(Статистика!$G$10-Статистика!$C$10,0.000001),NA()) -> #N/A | CL8: =IF(AND(Y8<>"",Статистика!$I$6="Вкл",Статистика!$H$6>0),(Статистика!$H$6-Статистика!$C$10)/MAX(Статистика!$G$10-Статистика!$C$10,0.000001),NA()) -> #N/A | CM8: =IF(AND(Y8<>"",Статистика!$L$6="Вкл",Статистика!$K$6>0),(Статистика!$K$6-Статистика!$C$10)/MAX(Статистика!$G$10-Статистика!$C$10,0.000001),NA()) -> #N/A | CN8: =IF(AND(Y8<>"",Статистика!$M$6="Вкл",Статистика!$O$6>0),(Статистика!$O$6-Статистика!$C$10)/MAX(Статистика!$G$10-Статистика!$C$10,0.000001),NA()) -> #N/A | CO8: =IF(Y8="",NA(),1) -> 1
A9: 00:35 | B9: 2339.9072 | C9: 5818.51 | D9: 7480.6478 | E9: 7670.9929 | F9: 7863.1625 | G9: 8058.4871 | H9: 8434.3652 | I9: 8509.4429 | J9: 8522.6453 | K9: 8709.7 | L9: 2026-07-09 00:39:44 | M9: 2894.1869 | N9: 6725.251 | O9: 8566.8006 | P9: 8768.809 | Q9: 8957.9504 | R9: 9180.9084 | S9: 9545.5096 | T9: 9587.2779 | U9: 9623.7853 | V9: 9806.7 | W9: 2026-07-06 00:38:38 | Y9: 00:35 | Z9: 7584.6148 | AA9: 7621.3574 | AB9: 7667.2858 | AC9: 7746.8535 | AD9: 7829.7003 | AE9: 7892.5364 | AF9: 8400.3049 | AG9: 8442.3992 | AH9: 8476.0747 | AI9: 8752.6 | AJ9: 2026-07-05 00:39:48 | AK9: 8625.9547 | AL9: 8666.5203 | AM9: 8717.2274 | AN9: 8867.8859 | AO9: 8964.08 | AP9: 9025.251 | AQ9: 9495.4589 | AR9: 9548.7815 | AS9: 9591.4395 | AT9: 9847.54 | AU9: 2026-07-05 00:39:48 | AW9: =IF(A9="","",MAX(0,MIN(1,(((IF(Статистика!$C$4="Параллельный режим (активная мощность)",B9,M9)+Статистика!$J$4))-Статистика!$C$10)/MAX(Статистика!$G$10-Статистика!$C$10,0.000001)))) -> 0 | AX9: =IF(A9="","",MAX(0,MAX(0,MIN(1,(((IF(Статистика!$C$4="Параллельный режим (активная мощность)",D9,O9)+Статистика!$J$4))-Статистика!$C$10)/MAX(Статистика!$G$10-Статистика!$C$10,0.000001)))-MAX(0,MIN(1,(((IF(Статистика!$C$4="Параллельный режим (активная мощность)",B9,M9)+Статистика!$J$4))-Статистика!$C$10)/MAX(Статистика!$G$10-Статистика!$C$10,0.000001))))) -> 0.49354928 | AY9: =IF(A9="","",MAX(0,MAX(0,MIN(1,(((IF(Статистика!$C$4="Параллельный режим (активная мощность)",E9,P9)+Статистика!$J$4))-Статистика!$C$10)/MAX(Статистика!$G$10-Статистика!$C$10,0.000001)))-MAX(0,MIN(1,(((IF(Статистика!$C$4="Параллельный режим (активная мощность)",D9,O9)+Статистика!$J$4))-Статистика!$C$10)/MAX(Статистика!$G$10-Статистика!$C$10,0.000001))))) -> 0.063448364 | AZ9: =IF(A9="","",MAX(0,MAX(0,MIN(1,(((IF(Статистика!$C$4="Параллельный режим (активная мощность)",F9,Q9)+Статистика!$J$4))-Статистика!$C$10)/MAX(Статистика!$G$10-Статистика!$C$10,0.000001)))-MAX(0,MIN(1,(((IF(Статистика!$C$4="Параллельный режим (активная мощность)",E9,P9)+Статистика!$J$4))-Статистика!$C$10)/MAX(Статистика!$G$10-Статистика!$C$10,0.000001))))) -> 0.064056528 | BA9: =IF(A9="","",MAX(0,MAX(0,MIN(1,(((IF(Статистика!$C$4="Параллельный режим (активная мощность)",G9,R9)+Статистика!$J$4))-Статистика!$C$10)/MAX(Статистика!$G$10-Статистика!$C$10,0.000001)))-MAX(0,MIN(1,(((IF(Статистика!$C$4="Параллельный режим (активная мощность)",F9,Q9)+Статистика!$J$4))-Статистика!$C$10)/MAX(Статистика!$G$10-Статистика!$C$10,0.000001))))) -> 0.065108197 | BB9: =IF(A9="","",MAX(0,MAX(0,MIN(1,(((IF(Статистика!$C$4="Параллельный режим (активная мощность)",H9,S9)+Статистика!$J$4))-Статистика!$C$10)/MAX(Статистика!$G$10-Статистика!$C$10,0.000001)))-MAX(0,MIN(1,(((IF(Статистика!$C$4="Параллельный режим (активная мощность)",G9,R9)+Статистика!$J$4))-Статистика!$C$10)/MAX(Статистика!$G$10-Статистика!$C$10,0.000001))))) -> 0.12529271 | BC9: =IF(A9="","",MAX(0,MAX(0,MIN(1,(((IF(Статистика!$C$4="Параллельный режим (активная мощность)",J9,U9)+Статистика!$J$4))-Статистика!$C$10)/MAX(Статистика!$G$10-Статистика!$C$10,0.000001)))-MAX(0,MIN(1,(((IF(Статистика!$C$4="Параллельный режим (активная мощность)",H9,S9)+Статистика!$J$4))-Статистика!$C$10)/MAX(Статистика!$G$10-Статистика!$C$10,0.000001))))) -> 0.029426681 | BD9: =IF(A9="","",MAX(0,1-MAX(0,MIN(1,(((IF(Статистика!$C$4="Параллельный режим (активная мощность)",J9,U9)+Статистика!$J$4))-Статистика!$C$10)/MAX(Статистика!$G$10-Статистика!$C$10,0.000001))))) -> 0.15911825 | BE9: =IF(A9="",NA(),IF(Статистика!$B$8="Вкл",(((IF(Статистика!$C$4="Параллельный режим (активная мощность)",F9,Q9)+Статистика!$J$4))-Статистика!$C$10)/MAX(Статистика!$G$10-Статистика!$C$10,0.000001),NA())) -> 0.62105417 | BF9: =IF(A9="",NA(),IF(Статистика!$D$8="Вкл",(((IF(Статистика!$C$4="Параллельный режим (активная мощность)",E9,P9)+Статистика!$J$4))-Статистика!$C$10)/MAX(Статистика!$G$10-Статистика!$C$10,0.000001),NA())) -> 0.55699764 | BG9: =IF(A9="",NA(),IF(Статистика!$D$8="Вкл",(((IF(Статистика!$C$4="Параллельный режим (активная мощность)",G9,R9)+Статистика!$J$4))-Статистика!$C$10)/MAX(Статистика!$G$10-Статистика!$C$10,0.000001),NA())) -> 0.68616236 | BH9: =IF(A9="",NA(),IF(Статистика!$F$8="Вкл",(((IF(Статистика!$C$4="Параллельный режим (активная мощность)",D9,O9)+Статистика!$J$4))-Статистика!$C$10)/MAX(Статистика!$G$10-Статистика!$C$10,0.000001),NA())) -> 0.49354928 | BI9: =IF(A9="",NA(),IF(Статистика!$F$8="Вкл",(((IF(Статистика!$C$4="Параллельный режим (активная мощность)",H9,S9)+Статистика!$J$4))-Статистика!$C$10)/MAX(Статистика!$G$10-Статистика!$C$10,0.000001),NA())) -> 0.81145507 | BJ9: =IF(A9="",NA(),IF(Статистика!$H$8="Вкл",(((IF(Статистика!$C$4="Параллельный режим (активная мощность)",B9,M9)+Статистика!$J$4))-Статистика!$C$10)/MAX(Статистика!$G$10-Статистика!$C$10,0.000001),NA())) -> -1.2200309 | BK9: =IF(A9="",NA(),IF(Статистика!$H$8="Вкл",(((IF(Статистика!$C$4="Параллельный режим (активная мощность)",J9,U9)+Статистика!$J$4))-Статистика!$C$10)/MAX(Статистика!$G$10-Статистика!$C$10,0.000001),NA())) -> 0.84088175 | BL9: =IF(A9="",NA(),IF(Статистика!$J$8="Вкл",(((IF(Статистика!$C$4="Параллельный режим (активная мощность)",K9,V9)+Статистика!$J$4))-Статистика!$C$10)/MAX(Статистика!$G$10-Статистика!$C$10,0.000001),NA())) -> #N/A | BM9: =IF(AND(A9<>"",Статистика!$C$6="Вкл",Статистика!$B$6>0),(Статистика!$B$6-Статистика!$C$10)/MAX(Статистика!$G$10-Статистика!$C$10,0.000001),NA()) -> #N/A | BN9: =IF(AND(A9<>"",Статистика!$F$6="Вкл",Статистика!$E$6>0),(Статистика!$E$6-Статистика!$C$10)/MAX(Статистика!$G$10-Статистика!$C$10,0.000001),NA()) -> #N/A | BO9: =IF(AND(A9<>"",Статистика!$I$6="Вкл",Статистика!$H$6>0),(Статистика!$H$6-Статистика!$C$10)/MAX(Статистика!$G$10-Статистика!$C$10,0.000001),NA()) -> #N/A | BP9: =IF(AND(A9<>"",Статистика!$L$6="Вкл",Статистика!$K$6>0),(Статистика!$K$6-Статистика!$C$10)/MAX(Статистика!$G$10-Статистика!$C$10,0.000001),NA()) -> #N/A | BQ9: =IF(AND(A9<>"",Статистика!$M$6="Вкл",Статистика!$O$6>0),(Статистика!$O$6-Статистика!$C$10)/MAX(Статистика!$G$10-Статистика!$C$10,0.000001),NA()) -> #N/A | BR9: =IF(A9="",NA(),1) -> 1 | BT9: =IF(Y9="","",MAX(0,MIN(1,(((IF(Статистика!$C$4="Параллельный режим (активная мощность)",Z9,AK9)+Статистика!$J$4))-Статистика!$C$10)/MAX(Статистика!$G$10-Статистика!$C$10,0.000001)))) -> 0.52820493 | BU9: =IF(Y9="","",MAX(0,MAX(0,MIN(1,(((IF(Статистика!$C$4="Параллельный режим (активная мощность)",AB9,AM9)+Статистика!$J$4))-Статистика!$C$10)/MAX(Статистика!$G$10-Статистика!$C$10,0.000001)))-MAX(0,MIN(1,(((IF(Статистика!$C$4="Параллельный режим (активная мощность)",Z9,AK9)+Статистика!$J$4))-Статистика!$C$10)/MAX(Статистика!$G$10-Статистика!$C$10,0.000001))))) -> 0.027556986 | BV9: =IF(Y9="","",MAX(0,MAX(0,MIN(1,(((IF(Статистика!$C$4="Параллельный режим (активная мощность)",AC9,AN9)+Статистика!$J$4))-Статистика!$C$10)/MAX(Статистика!$G$10-Статистика!$C$10,0.000001)))-MAX(0,MIN(1,(((IF(Статистика!$C$4="Параллельный режим (активная мощность)",AB9,AM9)+Статистика!$J$4))-Статистика!$C$10)/MAX(Статистика!$G$10-Статистика!$C$10,0.000001))))) -> 0.026522599 | BW9: =IF(Y9="","",MAX(0,MAX(0,MIN(1,(((IF(Статистика!$C$4="Параллельный режим (активная мощность)",AD9,AO9)+Статистика!$J$4))-Статистика!$C$10)/MAX(Статистика!$G$10-Статистика!$C$10,0.000001)))-MAX(0,MIN(1,(((IF(Статистика!$C$4="Параллельный режим (активная мощность)",AC9,AN9)+Статистика!$J$4))-Статистика!$C$10)/MAX(Статистика!$G$10-Статистика!$C$10,0.000001))))) -> 0.027615583 | BX9: =IF(Y9="","",MAX(0,MAX(0,MIN(1,(((IF(Статистика!$C$4="Параллельный режим (активная мощность)",AE9,AP9)+Статистика!$J$4))-Статистика!$C$10)/MAX(Статистика!$G$10-Статистика!$C$10,0.000001)))-MAX(0,MIN(1,(((IF(Статистика!$C$4="Параллельный режим (активная мощность)",AD9,AO9)+Статистика!$J$4))-Статистика!$C$10)/MAX(Статистика!$G$10-Статистика!$C$10,0.000001))))) -> 0.020945361 | BY9: =IF(Y9="","",MAX(0,MAX(0,MIN(1,(((IF(Статистика!$C$4="Параллельный режим (активная мощность)",AF9,AQ9)+Статистика!$J$4))-Статистика!$C$10)/MAX(Статистика!$G$10-Статистика!$C$10,0.000001)))-MAX(0,MIN(1,(((IF(Статистика!$C$4="Параллельный режим (активная мощность)",AE9,AP9)+Статистика!$J$4))-Статистика!$C$10)/MAX(Статистика!$G$10-Статистика!$C$10,0.000001))))) -> 0.16925619 | BZ9: =IF(Y9="","",MAX(0,MAX(0,MIN(1,(((IF(Статистика!$C$4="Параллельный режим (активная мощность)",AH9,AS9)+Статистика!$J$4))-Статистика!$C$10)/MAX(Статистика!$G$10-Статистика!$C$10,0.000001)))-MAX(0,MIN(1,(((IF(Статистика!$C$4="Параллельный режим (активная мощность)",AF9,AQ9)+Статистика!$J$4))-Статистика!$C$10)/MAX(Статистика!$G$10-Статистика!$C$10,0.000001))))) -> 0.025256578 | CA9: =IF(Y9="","",MAX(0,1-MAX(0,MIN(1,(((IF(Статистика!$C$4="Параллельный режим (активная мощность)",AH9,AS9)+Статистика!$J$4))-Статистика!$C$10)/MAX(Статистика!$G$10-Статистика!$C$10,0.000001))))) -> 0.17464178 | CB9: =IF(Y9="",NA(),IF(Статистика!$B$8="Вкл",(((IF(Статистика!$C$4="Параллельный режим (активная мощность)",AD9,AO9)+Статистика!$J$4))-Статистика!$C$10)/MAX(Статистика!$G$10-Статистика!$C$10,0.000001),NA())) -> 0.6099001 | CC9: =IF(Y9="",NA(),IF(Статистика!$D$8="Вкл",(((IF(Статистика!$C$4="Параллельный режим (активная мощность)",AC9,AN9)+Статистика!$J$4))-Статистика!$C$10)/MAX(Статистика!$G$10-Статистика!$C$10,0.000001),NA())) -> 0.58228452 | CD9: =IF(Y9="",NA(),IF(Статистика!$D$8="Вкл",(((IF(Статистика!$C$4="Параллельный режим (активная мощность)",AE9,AP9)+Статистика!$J$4))-Статистика!$C$10)/MAX(Статистика!$G$10-Статистика!$C$10,0.000001),NA())) -> 0.63084546 | CE9: =IF(Y9="",NA(),IF(Статистика!$F$8="Вкл",(((IF(Статистика!$C$4="Параллельный режим (активная мощность)",AB9,AM9)+Статистика!$J$4))-Статистика!$C$10)/MAX(Статистика!$G$10-Статистика!$C$10,0.000001),NA())) -> 0.55576192 | CF9: =IF(Y9="",NA(),IF(Статистика!$F$8="Вкл",(((IF(Статистика!$C$4="Параллельный режим (активная мощность)",AF9,AQ9)+Статистика!$J$4))-Статистика!$C$10)/MAX(Статистика!$G$10-Статистика!$C$10,0.000001),NA())) -> 0.80010165 | CG9: =IF(Y9="",NA(),IF(Статистика!$H$8="Вкл",(((IF(Статистика!$C$4="Параллельный режим (активная мощность)",Z9,AK9)+Статистика!$J$4))-Статистика!$C$10)/MAX(Статистика!$G$10-Статистика!$C$10,0.000001),NA())) -> 0.52820493 | CH9: =IF(Y9="",NA(),IF(Статистика!$H$8="Вкл",(((IF(Статистика!$C$4="Параллельный режим (активная мощность)",AH9,AS9)+Статистика!$J$4))-Статистика!$C$10)/MAX(Статистика!$G$10-Статистика!$C$10,0.000001),NA())) -> 0.82535822 | CI9: =IF(Y9="",NA(),IF(Статистика!$J$8="Вкл",(((IF(Статистика!$C$4="Параллельный режим (активная мощность)",AI9,AT9)+Статистика!$J$4))-Статистика!$C$10)/MAX(Статистика!$G$10-Статистика!$C$10,0.000001),NA())) -> #N/A | CJ9: =IF(AND(Y9<>"",Статистика!$C$6="Вкл",Статистика!$B$6>0),(Статистика!$B$6-Статистика!$C$10)/MAX(Статистика!$G$10-Статистика!$C$10,0.000001),NA()) -> #N/A | CK9: =IF(AND(Y9<>"",Статистика!$F$6="Вкл",Статистика!$E$6>0),(Статистика!$E$6-Статистика!$C$10)/MAX(Статистика!$G$10-Статистика!$C$10,0.000001),NA()) -> #N/A | CL9: =IF(AND(Y9<>"",Статистика!$I$6="Вкл",Статистика!$H$6>0),(Статистика!$H$6-Статистика!$C$10)/MAX(Статистика!$G$10-Статистика!$C$10,0.000001),NA()) -> #N/A | CM9: =IF(AND(Y9<>"",Статистика!$L$6="Вкл",Статистика!$K$6>0),(Статистика!$K$6-Статистика!$C$10)/MAX(Статистика!$G$10-Статистика!$C$10,0.000001),NA()) -> #N/A | CN9: =IF(AND(Y9<>"",Статистика!$M$6="Вкл",Статистика!$O$6>0),(Статистика!$O$6-Статистика!$C$10)/MAX(Статистика!$G$10-Статистика!$C$10,0.000001),NA()) -> #N/A | CO9: =IF(Y9="",NA(),1) -> 1
A10: 00:40 | B10: 2379.0013 | C10: 5885.5717 | D10: 7560.5722 | E10: 7831.7447 | F10: 8006.3799 | G10: 8197.9395 | H10: 8520.2208 | I10: 8582.4509 | J10: 8618.2992 | K10: 8785.06 | L10: 2026-07-06 00:44:39 | M10: 2937.3413 | N10: 6803.3801 | O10: 8639.0563 | P10: 8917.2196 | Q10: 9085.809 | R10: 9274.193 | S10: 9613.6604 | T10: 9654.4557 | U10: 9710.2011 | V10: 9868.64 | W10: 2026-07-06 00:44:39 | Y10: 00:40 | Z10: 7661.6835 | AA10: 7686.1492 | AB10: 7716.7313 | AC10: 7864.0129 | AD10: 7973.6193 | AE10: 8030.2271 | AF10: 8579.6115 | AG10: 8611.608 | AH10: 8637.2051 | AI10: 8772.56 | AJ10: 2026-07-05 00:40:38 | AK10: 8692.9195 | AL10: 8738.8417 | AM10: 8796.2446 | AN10: 8932.0803 | AO10: 9063.6213 | AP10: 9128.5127 | AQ10: 9678.7137 | AR10: 9720.5181 | AS10: 9753.9616 | AT10: 9896.77 | AU10: 2026-07-05 00:40:38 | AW10: =IF(A10="","",MAX(0,MIN(1,(((IF(Статистика!$C$4="Параллельный режим (активная мощность)",B10,M10)+Статистика!$J$4))-Статистика!$C$10)/MAX(Статистика!$G$10-Статистика!$C$10,0.000001)))) -> 0 | AX10: =IF(A10="","",MAX(0,MAX(0,MIN(1,(((IF(Статистика!$C$4="Параллельный режим (активная мощность)",D10,O10)+Статистика!$J$4))-Статистика!$C$10)/MAX(Статистика!$G$10-Статистика!$C$10,0.000001)))-MAX(0,MIN(1,(((IF(Статистика!$C$4="Параллельный режим (активная мощность)",B10,M10)+Статистика!$J$4))-Статистика!$C$10)/MAX(Статистика!$G$10-Статистика!$C$10,0.000001))))) -> 0.52019073 | AY10: =IF(A10="","",MAX(0,MAX(0,MIN(1,(((IF(Статистика!$C$4="Параллельный режим (активная мощность)",E10,P10)+Статистика!$J$4))-Статистика!$C$10)/MAX(Статистика!$G$10-Статистика!$C$10,0.000001)))-MAX(0,MIN(1,(((IF(Статистика!$C$4="Параллельный режим (активная мощность)",D10,O10)+Статистика!$J$4))-Статистика!$C$10)/MAX(Статистика!$G$10-Статистика!$C$10,0.000001))))) -> 0.090390834 | AZ10: =IF(A10="","",MAX(0,MAX(0,MIN(1,(((IF(Статистика!$C$4="Параллельный режим (активная мощность)",F10,Q10)+Статистика!$J$4))-Статистика!$C$10)/MAX(Статистика!$G$10-Статистика!$C$10,0.000001)))-MAX(0,MIN(1,(((IF(Статистика!$C$4="Параллельный режим (активная мощность)",E10,P10)+Статистика!$J$4))-Статистика!$C$10)/MAX(Статистика!$G$10-Статистика!$C$10,0.000001))))) -> 0.058211747 | BA10: =IF(A10="","",MAX(0,MAX(0,MIN(1,(((IF(Статистика!$C$4="Параллельный режим (активная мощность)",G10,R10)+Статистика!$J$4))-Статистика!$C$10)/MAX(Статистика!$G$10-Статистика!$C$10,0.000001)))-MAX(0,MIN(1,(((IF(Статистика!$C$4="Параллельный режим (активная мощность)",F10,Q10)+Статистика!$J$4))-Статистика!$C$10)/MAX(Статистика!$G$10-Статистика!$C$10,0.000001))))) -> 0.063853186 | BB10: =IF(A10="","",MAX(0,MAX(0,MIN(1,(((IF(Статистика!$C$4="Параллельный режим (активная мощность)",H10,S10)+Статистика!$J$4))-Статистика!$C$10)/MAX(Статистика!$G$10-Статистика!$C$10,0.000001)))-MAX(0,MIN(1,(((IF(Статистика!$C$4="Параллельный режим (активная мощность)",G10,R10)+Статистика!$J$4))-Статистика!$C$10)/MAX(Статистика!$G$10-Статистика!$C$10,0.000001))))) -> 0.10742709 | BC10: =IF(A10="","",MAX(0,MAX(0,MIN(1,(((IF(Статистика!$C$4="Параллельный режим (активная мощность)",J10,U10)+Статистика!$J$4))-Статистика!$C$10)/MAX(Статистика!$G$10-Статистика!$C$10,0.000001)))-MAX(0,MIN(1,(((IF(Статистика!$C$4="Параллельный режим (активная мощность)",H10,S10)+Статистика!$J$4))-Статистика!$C$10)/MAX(Статистика!$G$10-Статистика!$C$10,0.000001))))) -> 0.032692806 | BD10: =IF(A10="","",MAX(0,1-MAX(0,MIN(1,(((IF(Статистика!$C$4="Параллельный режим (активная мощность)",J10,U10)+Статистика!$J$4))-Статистика!$C$10)/MAX(Статистика!$G$10-Статистика!$C$10,0.000001))))) -> 0.12723361 | BE10: =IF(A10="",NA(),IF(Статистика!$B$8="Вкл",(((IF(Статистика!$C$4="Параллельный режим (активная мощность)",F10,Q10)+Статистика!$J$4))-Статистика!$C$10)/MAX(Статистика!$G$10-Статистика!$C$10,0.000001),NA())) -> 0.66879331 | BF10: =IF(A10="",NA(),IF(Статистика!$D$8="Вкл",(((IF(Статистика!$C$4="Параллельный режим (активная мощность)",E10,P10)+Статистика!$J$4))-Статистика!$C$10)/MAX(Статистика!$G$10-Статистика!$C$10,0.000001),NA())) -> 0.61058156 | BG10: =IF(A10="",NA(),IF(Статистика!$D$8="Вкл",(((IF(Статистика!$C$4="Параллельный режим (активная мощность)",G10,R10)+Статистика!$J$4))-Статистика!$C$10)/MAX(Статистика!$G$10-Статистика!$C$10,0.000001),NA())) -> 0.7326465 | BH10: =IF(A10="",NA(),IF(Статистика!$F$8="Вкл",(((IF(Статистика!$C$4="Параллельный режим (активная мощность)",D10,O10)+Статистика!$J$4))-Статистика!$C$10)/MAX(Статистика!$G$10-Статистика!$C$10,0.000001),NA())) -> 0.52019073 | BI10: =IF(A10="",NA(),IF(Статистика!$F$8="Вкл",(((IF(Статистика!$C$4="Параллельный режим (активная мощность)",H10,S10)+Статистика!$J$4))-Статистика!$C$10)/MAX(Статистика!$G$10-Статистика!$C$10,0.000001),NA())) -> 0.84007359 | BJ10: =IF(A10="",NA(),IF(Статистика!$H$8="Вкл",(((IF(Статистика!$C$4="Параллельный режим (активная мощность)",B10,M10)+Статистика!$J$4))-Статистика!$C$10)/MAX(Статистика!$G$10-Статистика!$C$10,0.000001),NA())) -> -1.2069996 | BK10: =IF(A10="",NA(),IF(Статистика!$H$8="Вкл",(((IF(Статистика!$C$4="Параллельный режим (активная мощность)",J10,U10)+Статистика!$J$4))-Статистика!$C$10)/MAX(Статистика!$G$10-Статистика!$C$10,0.000001),NA())) -> 0.87276639 | BL10: =IF(A10="",NA(),IF(Статистика!$J$8="Вкл",(((IF(Статистика!$C$4="Параллельный режим (активная мощность)",K10,V10)+Статистика!$J$4))-Статистика!$C$10)/MAX(Статистика!$G$10-Статистика!$C$10,0.000001),NA())) -> #N/A | BM10: =IF(AND(A10<>"",Статистика!$C$6="Вкл",Статистика!$B$6>0),(Статистика!$B$6-Статистика!$C$10)/MAX(Статистика!$G$10-Статистика!$C$10,0.000001),NA()) -> #N/A | BN10: =IF(AND(A10<>"",Статистика!$F$6="Вкл",Статистика!$E$6>0),(Статистика!$E$6-Статистика!$C$10)/MAX(Статистика!$G$10-Статистика!$C$10,0.000001),NA()) -> #N/A | BO10: =IF(AND(A10<>"",Статистика!$I$6="Вкл",Статистика!$H$6>0),(Статистика!$H$6-Статистика!$C$10)/MAX(Статистика!$G$10-Статистика!$C$10,0.000001),NA()) -> #N/A | BP10: =IF(AND(A10<>"",Статистика!$L$6="Вкл",Статистика!$K$6>0),(Статистика!$K$6-Статистика!$C$10)/MAX(Статистика!$G$10-Статистика!$C$10,0.000001),NA()) -> #N/A | BQ10: =IF(AND(A10<>"",Статистика!$M$6="Вкл",Статистика!$O$6>0),(Статистика!$O$6-Статистика!$C$10)/MAX(Статистика!$G$10-Статистика!$C$10,0.000001),NA()) -> #N/A | BR10: =IF(A10="",NA(),1) -> 1 | BT10: =IF(Y10="","",MAX(0,MIN(1,(((IF(Статистика!$C$4="Параллельный режим (активная мощность)",Z10,AK10)+Статистика!$J$4))-Статистика!$C$10)/MAX(Статистика!$G$10-Статистика!$C$10,0.000001)))) -> 0.55389451 | BU10: =IF(Y10="","",MAX(0,MAX(0,MIN(1,(((IF(Статистика!$C$4="Параллельный режим (активная мощность)",AB10,AM10)+Статистика!$J$4))-Статистика!$C$10)/MAX(Статистика!$G$10-Статистика!$C$10,0.000001)))-MAX(0,MIN(1,(((IF(Статистика!$C$4="Параллельный режим (активная мощность)",Z10,AK10)+Статистика!$J$4))-Статистика!$C$10)/MAX(Статистика!$G$10-Статистика!$C$10,0.000001))))) -> 0.018349265 | BV10: =IF(Y10="","",MAX(0,MAX(0,MIN(1,(((IF(Статистика!$C$4="Параллельный режим (активная мощность)",AC10,AN10)+Статистика!$J$4))-Статистика!$C$10)/MAX(Статистика!$G$10-Статистика!$C$10,0.000001)))-MAX(0,MIN(1,(((IF(Статистика!$C$4="Параллельный режим (активная мощность)",AB10,AM10)+Статистика!$J$4))-Статистика!$C$10)/MAX(Статистика!$G$10-Статистика!$C$10,0.000001))))) -> 0.04909385 | BW10: =IF(Y10="","",MAX(0,MAX(0,MIN(1,(((IF(Статистика!$C$4="Параллельный режим (активная мощность)",AD10,AO10)+Статистика!$J$4))-Статистика!$C$10)/MAX(Статистика!$G$10-Статистика!$C$10,0.000001)))-MAX(0,MIN(1,(((IF(Статистика!$C$4="Параллельный режим (активная мощность)",AC10,AN10)+Статистика!$J$4))-Статистика!$C$10)/MAX(Статистика!$G$10-Статистика!$C$10,0.000001))))) -> 0.036535467 | BX10: =IF(Y10="","",MAX(0,MAX(0,MIN(1,(((IF(Статистика!$C$4="Параллельный режим (активная мощность)",AE10,AP10)+Статистика!$J$4))-Статистика!$C$10)/MAX(Статистика!$G$10-Статистика!$C$10,0.000001)))-MAX(0,MIN(1,(((IF(Статистика!$C$4="Параллельный режим (активная мощность)",AD10,AO10)+Статистика!$J$4))-Статистика!$C$10)/MAX(Статистика!$G$10-Статистика!$C$10,0.000001))))) -> 0.018869267 | BY10: =IF(Y10="","",MAX(0,MAX(0,MIN(1,(((IF(Статистика!$C$4="Параллельный режим (активная мощность)",AF10,AQ10)+Статистика!$J$4))-Статистика!$C$10)/MAX(Статистика!$G$10-Статистика!$C$10,0.000001)))-MAX(0,MIN(1,(((IF(Статистика!$C$4="Параллельный режим (активная мощность)",AE10,AP10)+Статистика!$J$4))-Статистика!$C$10)/MAX(Статистика!$G$10-Статистика!$C$10,0.000001))))) -> 0.18312814 | BZ10: =IF(Y10="","",MAX(0,MAX(0,MIN(1,(((IF(Статистика!$C$4="Параллельный режим (активная мощность)",AH10,AS10)+Статистика!$J$4))-Статистика!$C$10)/MAX(Статистика!$G$10-Статистика!$C$10,0.000001)))-MAX(0,MIN(1,(((IF(Статистика!$C$4="Параллельный режим (активная мощность)",AF10,AQ10)+Статистика!$J$4))-Статистика!$C$10)/MAX(Статистика!$G$10-Статистика!$C$10,0.000001))))) -> 0.019197882 | CA10: =IF(Y10="","",MAX(0,1-MAX(0,MIN(1,(((IF(Статистика!$C$4="Параллельный режим (активная мощность)",AH10,AS10)+Статистика!$J$4))-Статистика!$C$10)/MAX(Статистика!$G$10-Статистика!$C$10,0.000001))))) -> 0.12093162 | CB10: =IF(Y10="",NA(),IF(Статистика!$B$8="Вкл",(((IF(Статистика!$C$4="Параллельный режим (активная мощность)",AD10,AO10)+Статистика!$J$4))-Статистика!$C$10)/MAX(Статистика!$G$10-Статистика!$C$10,0.000001),NA())) -> 0.65787309 | CC10: =IF(Y10="",NA(),IF(Статистика!$D$8="Вкл",(((IF(Статистика!$C$4="Параллельный режим (активная мощность)",AC10,AN10)+Статистика!$J$4))-Статистика!$C$10)/MAX(Статистика!$G$10-Статистика!$C$10,0.000001),NA())) -> 0.62133762 | CD10: =IF(Y10="",NA(),IF(Статистика!$D$8="Вкл",(((IF(Статистика!$C$4="Параллельный режим (активная мощность)",AE10,AP10)+Статистика!$J$4))-Статистика!$C$10)/MAX(Статистика!$G$10-Статистика!$C$10,0.000001),NA())) -> 0.67674236 | CE10: =IF(Y10="",NA(),IF(Статистика!$F$8="Вкл",(((IF(Статистика!$C$4="Параллельный режим (активная мощность)",AB10,AM10)+Статистика!$J$4))-Статистика!$C$10)/MAX(Статистика!$G$10-Статистика!$C$10,0.000001),NA())) -> 0.57224377 | CF10: =IF(Y10="",NA(),IF(Статистика!$F$8="Вкл",(((IF(Статистика!$C$4="Параллельный режим (активная мощность)",AF10,AQ10)+Статистика!$J$4))-Статистика!$C$10)/MAX(Статистика!$G$10-Статистика!$C$10,0.000001),NA())) -> 0.8598705 | CG10: =IF(Y10="",NA(),IF(Статистика!$H$8="Вкл",(((IF(Статистика!$C$4="Параллельный режим (активная мощность)",Z10,AK10)+Статистика!$J$4))-Статистика!$C$10)/MAX(Статистика!$G$10-Статистика!$C$10,0.000001),NA())) -> 0.55389451 | CH10: =IF(Y10="",NA(),IF(Статистика!$H$8="Вкл",(((IF(Статистика!$C$4="Параллельный режим (активная мощность)",AH10,AS10)+Статистика!$J$4))-Статистика!$C$10)/MAX(Статистика!$G$10-Статистика!$C$10,0.000001),NA())) -> 0.87906838 | CI10: =IF(Y10="",NA(),IF(Статистика!$J$8="Вкл",(((IF(Статистика!$C$4="Параллельный режим (активная мощность)",AI10,AT10)+Статистика!$J$4))-Статистика!$C$10)/MAX(Статистика!$G$10-Статистика!$C$10,0.000001),NA())) -> #N/A | CJ10: =IF(AND(Y10<>"",Статистика!$C$6="Вкл",Статистика!$B$6>0),(Статистика!$B$6-Статистика!$C$10)/MAX(Статистика!$G$10-Статистика!$C$10,0.000001),NA()) -> #N/A | CK10: =IF(AND(Y10<>"",Статистика!$F$6="Вкл",Статистика!$E$6>0),(Статистика!$E$6-Статистика!$C$10)/MAX(Статистика!$G$10-Статистика!$C$10,0.000001),NA()) -> #N/A | CL10: =IF(AND(Y10<>"",Статистика!$I$6="Вкл",Статистика!$H$6>0),(Статистика!$H$6-Статистика!$C$10)/MAX(Статистика!$G$10-Статистика!$C$10,0.000001),NA()) -> #N/A | CM10: =IF(AND(Y10<>"",Статистика!$L$6="Вкл",Статистика!$K$6>0),(Статистика!$K$6-Статистика!$C$10)/MAX(Статистика!$G$10-Статистика!$C$10,0.000001),NA()) -> #N/A | CN10: =IF(AND(Y10<>"",Статистика!$M$6="Вкл",Статистика!$O$6>0),(Статистика!$O$6-Статистика!$C$10)/MAX(Статистика!$G$10-Статистика!$C$10,0.000001),NA()) -> #N/A | CO10: =IF(Y10="",NA(),1) -> 1
A11: 00:45 | B11: 2359.7368 | C11: 5807.5654 | D11: 7485.588 | E11: 7805.3911 | F11: 7983.0358 | G11: 8201.2008 | H11: 8516.4548 | I11: 8577.6266 | J11: 8598.4887 | K11: 8785.83 | L11: 2026-07-09 00:48:32 | M11: 2928.3545 | N11: 6782.1149 | O11: 8624.8896 | P11: 8885.2632 | Q11: 9087.1159 | R11: 9266.4738 | S11: 9641.9927 | T11: 9661.2596 | U11: 9693.1935 | V11: 9859.45 | W11: 2026-07-09 00:48:32 | Y11: 00:45 | Z11: 7604.2683 | AA11: 7636.9139 | AB11: 7677.7208 | AC11: 7860.8015 | AD11: 7970.868 | AE11: 8018.5082 | AF11: 8572.6805 | AG11: 8587.7904 | AH11: 8599.8784 | AI11: 8755.8 | AJ11: 2026-07-05 00:48:31 | AK11: 8615.6223 | AL11: 8684.6758 | AM11: 8770.9928 | AN11: 8946.8608 | AO11: 9044.0665 | AP11: 9120.071 | AQ11: 9675.9729 | AR11: 9694.2183 | AS11: 9708.8146 | AT11: 9859.6 | AU11: 2026-07-05 00:48:31 | AW11: =IF(A11="","",MAX(0,MIN(1,(((IF(Статистика!$C$4="Параллельный режим (активная мощность)",B11,M11)+Статистика!$J$4))-Статистика!$C$10)/MAX(Статистика!$G$10-Статистика!$C$10,0.000001)))) -> 0 | AX11: =IF(A11="","",MAX(0,MAX(0,MIN(1,(((IF(Статистика!$C$4="Параллельный режим (активная мощность)",D11,O11)+Статистика!$J$4))-Статистика!$C$10)/MAX(Статистика!$G$10-Статистика!$C$10,0.000001)))-MAX(0,MIN(1,(((IF(Статистика!$C$4="Параллельный режим (активная мощность)",B11,M11)+Статистика!$J$4))-Статистика!$C$10)/MAX(Статистика!$G$10-Статистика!$C$10,0.000001))))) -> 0.49519599 | AY11: =IF(A11="","",MAX(0,MAX(0,MIN(1,(((IF(Статистика!$C$4="Параллельный режим (активная мощность)",E11,P11)+Статистика!$J$4))-Статистика!$C$10)/MAX(Статистика!$G$10-Статистика!$C$10,0.000001)))-MAX(0,MIN(1,(((IF(Статистика!$C$4="Параллельный режим (активная мощность)",D11,O11)+Статистика!$J$4))-Статистика!$C$10)/MAX(Статистика!$G$10-Статистика!$C$10,0.000001))))) -> 0.10660105 | AZ11: =IF(A11="","",MAX(0,MAX(0,MIN(1,(((IF(Статистика!$C$4="Параллельный режим (активная мощность)",F11,Q11)+Статистика!$J$4))-Статистика!$C$10)/MAX(Статистика!$G$10-Статистика!$C$10,0.000001)))-MAX(0,MIN(1,(((IF(Статистика!$C$4="Параллельный режим (активная мощность)",E11,P11)+Статистика!$J$4))-Статистика!$C$10)/MAX(Статистика!$G$10-Статистика!$C$10,0.000001))))) -> 0.059214897 | BA11: =IF(A11="","",MAX(0,MAX(0,MIN(1,(((IF(Статистика!$C$4="Параллельный режим (активная мощность)",G11,R11)+Статистика!$J$4))-Статистика!$C$10)/MAX(Статистика!$G$10-Статистика!$C$10,0.000001)))-MAX(0,MIN(1,(((IF(Статистика!$C$4="Параллельный режим (активная мощность)",F11,Q11)+Статистика!$J$4))-Статистика!$C$10)/MAX(Статистика!$G$10-Статистика!$C$10,0.000001))))) -> 0.072721672 | BB11: =IF(A11="","",MAX(0,MAX(0,MIN(1,(((IF(Статистика!$C$4="Параллельный режим (активная мощность)",H11,S11)+Статистика!$J$4))-Статистика!$C$10)/MAX(Статистика!$G$10-Статистика!$C$10,0.000001)))-MAX(0,MIN(1,(((IF(Статистика!$C$4="Параллельный режим (активная мощность)",G11,R11)+Статистика!$J$4))-Статистика!$C$10)/MAX(Статистика!$G$10-Статистика!$C$10,0.000001))))) -> 0.10508465 | BC11: =IF(A11="","",MAX(0,MAX(0,MIN(1,(((IF(Статистика!$C$4="Параллельный режим (активная мощность)",J11,U11)+Статистика!$J$4))-Статистика!$C$10)/MAX(Статистика!$G$10-Статистика!$C$10,0.000001)))-MAX(0,MIN(1,(((IF(Статистика!$C$4="Параллельный режим (активная мощность)",H11,S11)+Статистика!$J$4))-Статистика!$C$10)/MAX(Статистика!$G$10-Статистика!$C$10,0.000001))))) -> 0.027344624 | BD11: =IF(A11="","",MAX(0,1-MAX(0,MIN(1,(((IF(Статистика!$C$4="Параллельный режим (активная мощность)",J11,U11)+Статистика!$J$4))-Статистика!$C$10)/MAX(Статистика!$G$10-Статистика!$C$10,0.000001))))) -> 0.1338371 | BE11: =IF(A11="",NA(),IF(Статистика!$B$8="Вкл",(((IF(Статистика!$C$4="Параллельный режим (активная мощность)",F11,Q11)+Статистика!$J$4))-Статистика!$C$10)/MAX(Статистика!$G$10-Статистика!$C$10,0.000001),NA())) -> 0.66101194 | BF11: =IF(A11="",NA(),IF(Статистика!$D$8="Вкл",(((IF(Статистика!$C$4="Параллельный режим (активная мощность)",E11,P11)+Статистика!$J$4))-Статистика!$C$10)/MAX(Статистика!$G$10-Статистика!$C$10,0.000001),NA())) -> 0.60179705 | BG11: =IF(A11="",NA(),IF(Статистика!$D$8="Вкл",(((IF(Статистика!$C$4="Параллельный режим (активная мощность)",G11,R11)+Статистика!$J$4))-Статистика!$C$10)/MAX(Статистика!$G$10-Статистика!$C$10,0.000001),NA())) -> 0.73373362 | BH11: =IF(A11="",NA(),IF(Статистика!$F$8="Вкл",(((IF(Статистика!$C$4="Параллельный режим (активная мощность)",D11,O11)+Статистика!$J$4))-Статистика!$C$10)/MAX(Статистика!$G$10-Статистика!$C$10,0.000001),NA())) -> 0.49519599 | BI11: =IF(A11="",NA(),IF(Статистика!$F$8="Вкл",(((IF(Статистика!$C$4="Параллельный режим (активная мощность)",H11,S11)+Статистика!$J$4))-Статистика!$C$10)/MAX(Статистика!$G$10-Статистика!$C$10,0.000001),NA())) -> 0.83881827 | BJ11: =IF(A11="",NA(),IF(Статистика!$H$8="Вкл",(((IF(Статистика!$C$4="Параллельный режим (активная мощность)",B11,M11)+Статистика!$J$4))-Статистика!$C$10)/MAX(Статистика!$G$10-Статистика!$C$10,0.000001),NA())) -> -1.2134211 | BK11: =IF(A11="",NA(),IF(Статистика!$H$8="Вкл",(((IF(Статистика!$C$4="Параллельный режим (активная мощность)",J11,U11)+Статистика!$J$4))-Статистика!$C$10)/MAX(Статистика!$G$10-Статистика!$C$10,0.000001),NA())) -> 0.8661629 | BL11: =IF(A11="",NA(),IF(Статистика!$J$8="Вкл",(((IF(Статистика!$C$4="Параллельный режим (активная мощность)",K11,V11)+Статистика!$J$4))-Статистика!$C$10)/MAX(Статистика!$G$10-Статистика!$C$10,0.000001),NA())) -> #N/A | BM11: =IF(AND(A11<>"",Статистика!$C$6="Вкл",Статистика!$B$6>0),(Статистика!$B$6-Статистика!$C$10)/MAX(Статистика!$G$10-Статистика!$C$10,0.000001),NA()) -> #N/A | BN11: =IF(AND(A11<>"",Статистика!$F$6="Вкл",Статистика!$E$6>0),(Статистика!$E$6-Статистика!$C$10)/MAX(Статистика!$G$10-Статистика!$C$10,0.000001),NA()) -> #N/A | BO11: =IF(AND(A11<>"",Статистика!$I$6="Вкл",Статистика!$H$6>0),(Статистика!$H$6-Статистика!$C$10)/MAX(Статистика!$G$10-Статистика!$C$10,0.000001),NA()) -> #N/A | BP11: =IF(AND(A11<>"",Статистика!$L$6="Вкл",Статистика!$K$6>0),(Статистика!$K$6-Статистика!$C$10)/MAX(Статистика!$G$10-Статистика!$C$10,0.000001),NA()) -> #N/A | BQ11: =IF(AND(A11<>"",Статистика!$M$6="Вкл",Статистика!$O$6>0),(Статистика!$O$6-Статистика!$C$10)/MAX(Статистика!$G$10-Статистика!$C$10,0.000001),NA()) -> #N/A | BR11: =IF(A11="",NA(),1) -> 1 | BT11: =IF(Y11="","",MAX(0,MIN(1,(((IF(Статистика!$C$4="Параллельный режим (активная мощность)",Z11,AK11)+Статистика!$J$4))-Статистика!$C$10)/MAX(Статистика!$G$10-Статистика!$C$10,0.000001)))) -> 0.53475611 | BU11: =IF(Y11="","",MAX(0,MAX(0,MIN(1,(((IF(Статистика!$C$4="Параллельный режим (активная мощность)",AB11,AM11)+Статистика!$J$4))-Статистика!$C$10)/MAX(Статистика!$G$10-Статистика!$C$10,0.000001)))-MAX(0,MIN(1,(((IF(Статистика!$C$4="Параллельный режим (активная мощность)",Z11,AK11)+Статистика!$J$4))-Статистика!$C$10)/MAX(Статистика!$G$10-Статистика!$C$10,0.000001))))) -> 0.024484158 | BV11: =IF(Y11="","",MAX(0,MAX(0,MIN(1,(((IF(Статистика!$C$4="Параллельный режим (активная мощность)",AC11,AN11)+Статистика!$J$4))-Статистика!$C$10)/MAX(Статистика!$G$10-Статистика!$C$10,0.000001)))-MAX(0,MIN(1,(((IF(Статистика!$C$4="Параллельный режим (активная мощность)",AB11,AM11)+Статистика!$J$4))-Статистика!$C$10)/MAX(Статистика!$G$10-Статистика!$C$10,0.000001))))) -> 0.061026889 | BW11: =IF(Y11="","",MAX(0,MAX(0,MIN(1,(((IF(Статистика!$C$4="Параллельный режим (активная мощность)",AD11,AO11)+Статистика!$J$4))-Статистика!$C$10)/MAX(Статистика!$G$10-Статистика!$C$10,0.000001)))-MAX(0,MIN(1,(((IF(Статистика!$C$4="Параллельный режим (активная мощность)",AC11,AN11)+Статистика!$J$4))-Статистика!$C$10)/MAX(Статистика!$G$10-Статистика!$C$10,0.000001))))) -> 0.036688864 | BX11: =IF(Y11="","",MAX(0,MAX(0,MIN(1,(((IF(Статистика!$C$4="Параллельный режим (активная мощность)",AE11,AP11)+Статистика!$J$4))-Статистика!$C$10)/MAX(Статистика!$G$10-Статистика!$C$10,0.000001)))-MAX(0,MIN(1,(((IF(Статистика!$C$4="Параллельный режим (активная мощность)",AD11,AO11)+Статистика!$J$4))-Статистика!$C$10)/MAX(Статистика!$G$10-Статистика!$C$10,0.000001))))) -> 0.015880064 | BY11: =IF(Y11="","",MAX(0,MAX(0,MIN(1,(((IF(Статистика!$C$4="Параллельный режим (активная мощность)",AF11,AQ11)+Статистика!$J$4))-Статистика!$C$10)/MAX(Статистика!$G$10-Статистика!$C$10,0.000001)))-MAX(0,MIN(1,(((IF(Статистика!$C$4="Параллельный режим (активная мощность)",AE11,AP11)+Статистика!$J$4))-Статистика!$C$10)/MAX(Статистика!$G$10-Статистика!$C$10,0.000001))))) -> 0.1847241 | BZ11: =IF(Y11="","",MAX(0,MAX(0,MIN(1,(((IF(Статистика!$C$4="Параллельный режим (активная мощность)",AH11,AS11)+Статистика!$J$4))-Статистика!$C$10)/MAX(Статистика!$G$10-Статистика!$C$10,0.000001)))-MAX(0,MIN(1,(((IF(Статистика!$C$4="Параллельный режим (активная мощность)",AF11,AQ11)+Статистика!$J$4))-Статистика!$C$10)/MAX(Статистика!$G$10-Статистика!$C$10,0.000001))))) -> 0.0090659415 | CA11: =IF(Y11="","",MAX(0,1-MAX(0,MIN(1,(((IF(Статистика!$C$4="Параллельный режим (активная мощность)",AH11,AS11)+Статистика!$J$4))-Статистика!$C$10)/MAX(Статистика!$G$10-Статистика!$C$10,0.000001))))) -> 0.13337388 | CB11: =IF(Y11="",NA(),IF(Статистика!$B$8="Вкл",(((IF(Статистика!$C$4="Параллельный режим (активная мощность)",AD11,AO11)+Статистика!$J$4))-Статистика!$C$10)/MAX(Статистика!$G$10-Статистика!$C$10,0.000001),NA())) -> 0.65695602 | CC11: =IF(Y11="",NA(),IF(Статистика!$D$8="Вкл",(((IF(Статистика!$C$4="Параллельный режим (активная мощность)",AC11,AN11)+Статистика!$J$4))-Статистика!$C$10)/MAX(Статистика!$G$10-Статистика!$C$10,0.000001),NA())) -> 0.62026715 | CD11: =IF(Y11="",NA(),IF(Статистика!$D$8="Вкл",(((IF(Статистика!$C$4="Параллельный режим (активная мощность)",AE11,AP11)+Статистика!$J$4))-Статистика!$C$10)/MAX(Статистика!$G$10-Статистика!$C$10,0.000001),NA())) -> 0.67283608 | CE11: =IF(Y11="",NA(),IF(Статистика!$F$8="Вкл",(((IF(Статистика!$C$4="Параллельный режим (активная мощность)",AB11,AM11)+Статистика!$J$4))-Статистика!$C$10)/MAX(Статистика!$G$10-Статистика!$C$10,0.000001),NA())) -> 0.55924026 | CF11: =IF(Y11="",NA(),IF(Статистика!$F$8="Вкл",(((IF(Статистика!$C$4="Параллельный режим (активная мощность)",AF11,AQ11)+Статистика!$J$4))-Статистика!$C$10)/MAX(Статистика!$G$10-Статистика!$C$10,0.000001),NA())) -> 0.85756018 | CG11: =IF(Y11="",NA(),IF(Статистика!$H$8="Вкл",(((IF(Статистика!$C$4="Параллельный режим (активная мощность)",Z11,AK11)+Статистика!$J$4))-Статистика!$C$10)/MAX(Статистика!$G$10-Статистика!$C$10,0.000001),NA())) -> 0.53475611 | CH11: =IF(Y11="",NA(),IF(Статистика!$H$8="Вкл",(((IF(Статистика!$C$4="Параллельный режим (активная мощность)",AH11,AS11)+Статистика!$J$4))-Статистика!$C$10)/MAX(Статистика!$G$10-Статистика!$C$10,0.000001),NA())) -> 0.86662612 | CI11: =IF(Y11="",NA(),IF(Статистика!$J$8="Вкл",(((IF(Статистика!$C$4="Параллельный режим (активная мощность)",AI11,AT11)+Статистика!$J$4))-Статистика!$C$10)/MAX(Статистика!$G$10-Статистика!$C$10,0.000001),NA())) -> #N/A | CJ11: =IF(AND(Y11<>"",Статистика!$C$6="Вкл",Статистика!$B$6>0),(Статистика!$B$6-Статистика!$C$10)/MAX(Статистика!$G$10-Статистика!$C$10,0.000001),NA()) -> #N/A | CK11: =IF(AND(Y11<>"",Статистика!$F$6="Вкл",Статистика!$E$6>0),(Статистика!$E$6-Статистика!$C$10)/MAX(Статистика!$G$10-Статистика!$C$10,0.000001),NA()) -> #N/A | CL11: =IF(AND(Y11<>"",Статистика!$I$6="Вкл",Статистика!$H$6>0),(Статистика!$H$6-Статистика!$C$10)/MAX(Статистика!$G$10-Статистика!$C$10,0.000001),NA()) -> #N/A | CM11: =IF(AND(Y11<>"",Статистика!$L$6="Вкл",Статистика!$K$6>0),(Статистика!$K$6-Статистика!$C$10)/MAX(Статистика!$G$10-Статистика!$C$10,0.000001),NA()) -> #N/A | CN11: =IF(AND(Y11<>"",Статистика!$M$6="Вкл",Статистика!$O$6>0),(Статистика!$O$6-Статистика!$C$10)/MAX(Статистика!$G$10-Статистика!$C$10,0.000001),NA()) -> #N/A | CO11: =IF(Y11="",NA(),1) -> 1
A12: 00:50 | B12: 2363.0194 | C12: 5782.8169 | D12: 7481.207 | E12: 7775.7193 | F12: 7975.6795 | G12: 8193.2668 | H12: 8504.3667 | I12: 8616.134 | J12: 8643.1508 | K12: 8947.75 | L12: 2026-07-06 00:50:31 | M12: 2951.8141 | N12: 6816.3506 | O12: 8658.7965 | P12: 8904.8879 | Q12: 9036.7562 | R12: 9260.4069 | S12: 9641.4991 | T12: 9711.1997 | U12: 9754.151 | V12: 10118.71 | W12: 2026-07-06 00:50:31 | Y12: 00:50 | Z12: 7570.5195 | AA12: 7621.1687 | AB12: 7684.4801 | AC12: 7848.9702 | AD12: 7974.4149 | AE12: 8079.82 | AF12: 8540.7584 | AG12: 8574.1703 | AH12: 8600.8999 | AI12: 8808.85 | AJ12: 2026-07-04 00:52:20 | AK12: 8591.3704 | AL12: 8670.7028 | AM12: 8769.8684 | AN12: 8966.5401 | AO12: 9047.7151 | AP12: 9171.3722 | AQ12: 9645.3036 | AR12: 9671.833 | AS12: 9693.0565 | AT12: 9881.71 | AU12: 2026-07-04 00:52:20 | AW12: =IF(A12="","",MAX(0,MIN(1,(((IF(Статистика!$C$4="Параллельный режим (активная мощность)",B12,M12)+Статистика!$J$4))-Статистика!$C$10)/MAX(Статистика!$G$10-Статистика!$C$10,0.000001)))) -> 0 | AX12: =IF(A12="","",MAX(0,MAX(0,MIN(1,(((IF(Статистика!$C$4="Параллельный режим (активная мощность)",D12,O12)+Статистика!$J$4))-Статистика!$C$10)/MAX(Статистика!$G$10-Статистика!$C$10,0.000001)))-MAX(0,MIN(1,(((IF(Статистика!$C$4="Параллельный режим (активная мощность)",B12,M12)+Статистика!$J$4))-Статистика!$C$10)/MAX(Статистика!$G$10-Статистика!$C$10,0.000001))))) -> 0.49373568 | AY12: =IF(A12="","",MAX(0,MAX(0,MIN(1,(((IF(Статистика!$C$4="Параллельный режим (активная мощность)",E12,P12)+Статистика!$J$4))-Статистика!$C$10)/MAX(Статистика!$G$10-Статистика!$C$10,0.000001)))-MAX(0,MIN(1,(((IF(Статистика!$C$4="Параллельный режим (активная мощность)",D12,O12)+Статистика!$J$4))-Статистика!$C$10)/MAX(Статистика!$G$10-Статистика!$C$10,0.000001))))) -> 0.098170763 | AZ12: =IF(A12="","",MAX(0,MAX(0,MIN(1,(((IF(Статистика!$C$4="Параллельный режим (активная мощность)",F12,Q12)+Статистика!$J$4))-Статистика!$C$10)/MAX(Статистика!$G$10-Статистика!$C$10,0.000001)))-MAX(0,MIN(1,(((IF(Статистика!$C$4="Параллельный режим (активная мощность)",E12,P12)+Статистика!$J$4))-Статистика!$C$10)/MAX(Статистика!$G$10-Статистика!$C$10,0.000001))))) -> 0.066653392 | BA12: =IF(A12="","",MAX(0,MAX(0,MIN(1,(((IF(Статистика!$C$4="Параллельный режим (активная мощность)",G12,R12)+Статистика!$J$4))-Статистика!$C$10)/MAX(Статистика!$G$10-Статистика!$C$10,0.000001)))-MAX(0,MIN(1,(((IF(Статистика!$C$4="Параллельный режим (активная мощность)",F12,Q12)+Статистика!$J$4))-Статистика!$C$10)/MAX(Статистика!$G$10-Статистика!$C$10,0.000001))))) -> 0.072529086 | BB12: =IF(A12="","",MAX(0,MAX(0,MIN(1,(((IF(Статистика!$C$4="Параллельный режим (активная мощность)",H12,S12)+Статистика!$J$4))-Статистика!$C$10)/MAX(Статистика!$G$10-Статистика!$C$10,0.000001)))-MAX(0,MIN(1,(((IF(Статистика!$C$4="Параллельный режим (активная мощность)",G12,R12)+Статистика!$J$4))-Статистика!$C$10)/MAX(Статистика!$G$10-Статистика!$C$10,0.000001))))) -> 0.10369998 | BC12: =IF(A12="","",MAX(0,MAX(0,MIN(1,(((IF(Статистика!$C$4="Параллельный режим (активная мощность)",J12,U12)+Статистика!$J$4))-Статистика!$C$10)/MAX(Статистика!$G$10-Статистика!$C$10,0.000001)))-MAX(0,MIN(1,(((IF(Статистика!$C$4="Параллельный режим (активная мощность)",H12,S12)+Статистика!$J$4))-Статистика!$C$10)/MAX(Статистика!$G$10-Статистика!$C$10,0.000001))))) -> 0.046261355 | BD12: =IF(A12="","",MAX(0,1-MAX(0,MIN(1,(((IF(Статистика!$C$4="Параллельный режим (активная мощность)",J12,U12)+Статистика!$J$4))-Статистика!$C$10)/MAX(Статистика!$G$10-Статистика!$C$10,0.000001))))) -> 0.11894974 | BE12: =IF(A12="",NA(),IF(Статистика!$B$8="Вкл",(((IF(Статистика!$C$4="Параллельный режим (активная мощность)",F12,Q12)+Статистика!$J$4))-Статистика!$C$10)/MAX(Статистика!$G$10-Статистика!$C$10,0.000001),NA())) -> 0.65855983 | BF12: =IF(A12="",NA(),IF(Статистика!$D$8="Вкл",(((IF(Статистика!$C$4="Параллельный режим (активная мощность)",E12,P12)+Статистика!$J$4))-Статистика!$C$10)/MAX(Статистика!$G$10-Статистика!$C$10,0.000001),NA())) -> 0.59190644 | BG12: =IF(A12="",NA(),IF(Статистика!$D$8="Вкл",(((IF(Статистика!$C$4="Параллельный режим (активная мощность)",G12,R12)+Статистика!$J$4))-Статистика!$C$10)/MAX(Статистика!$G$10-Статистика!$C$10,0.000001),NA())) -> 0.73108892 | BH12: =IF(A12="",NA(),IF(Статистика!$F$8="Вкл",(((IF(Статистика!$C$4="Параллельный режим (активная мощность)",D12,O12)+Статистика!$J$4))-Статистика!$C$10)/MAX(Статистика!$G$10-Статистика!$C$10,0.000001),NA())) -> 0.49373568 | BI12: =IF(A12="",NA(),IF(Статистика!$F$8="Вкл",(((IF(Статистика!$C$4="Параллельный режим (активная мощность)",H12,S12)+Статистика!$J$4))-Статистика!$C$10)/MAX(Статистика!$G$10-Статистика!$C$10,0.000001),NA())) -> 0.8347889 | BJ12: =IF(A12="",NA(),IF(Статистика!$H$8="Вкл",(((IF(Статистика!$C$4="Параллельный режим (активная мощность)",B12,M12)+Статистика!$J$4))-Статистика!$C$10)/MAX(Статистика!$G$10-Статистика!$C$10,0.000001),NA())) -> -1.2123269 | BK12: =IF(A12="",NA(),IF(Статистика!$H$8="Вкл",(((IF(Статистика!$C$4="Параллельный режим (активная мощность)",J12,U12)+Статистика!$J$4))-Статистика!$C$10)/MAX(Статистика!$G$10-Статистика!$C$10,0.000001),NA())) -> 0.88105026 | BL12: =IF(A12="",NA(),IF(Статистика!$J$8="Вкл",(((IF(Статистика!$C$4="Параллельный режим (активная мощность)",K12,V12)+Статистика!$J$4))-Статистика!$C$10)/MAX(Статистика!$G$10-Статистика!$C$10,0.000001),NA())) -> #N/A | BM12: =IF(AND(A12<>"",Статистика!$C$6="Вкл",Статистика!$B$6>0),(Статистика!$B$6-Статистика!$C$10)/MAX(Статистика!$G$10-Статистика!$C$10,0.000001),NA()) -> #N/A | BN12: =IF(AND(A12<>"",Статистика!$F$6="Вкл",Статистика!$E$6>0),(Статистика!$E$6-Статистика!$C$10)/MAX(Статистика!$G$10-Статистика!$C$10,0.000001),NA()) -> #N/A | BO12: =IF(AND(A12<>"",Статистика!$I$6="Вкл",Статистика!$H$6>0),(Статистика!$H$6-Статистика!$C$10)/MAX(Статистика!$G$10-Статистика!$C$10,0.000001),NA()) -> #N/A | BP12: =IF(AND(A12<>"",Статистика!$L$6="Вкл",Статистика!$K$6>0),(Статистика!$K$6-Статистика!$C$10)/MAX(Статистика!$G$10-Статистика!$C$10,0.000001),NA()) -> #N/A | BQ12: =IF(AND(A12<>"",Статистика!$M$6="Вкл",Статистика!$O$6>0),(Статистика!$O$6-Статистика!$C$10)/MAX(Статистика!$G$10-Статистика!$C$10,0.000001),NA()) -> #N/A | BR12: =IF(A12="",NA(),1) -> 1 | BT12: =IF(Y12="","",MAX(0,MIN(1,(((IF(Статистика!$C$4="Параллельный режим (активная мощность)",Z12,AK12)+Статистика!$J$4))-Статистика!$C$10)/MAX(Статистика!$G$10-Статистика!$C$10,0.000001)))) -> 0.52350652 | BU12: =IF(Y12="","",MAX(0,MAX(0,MIN(1,(((IF(Статистика!$C$4="Параллельный режим (активная мощность)",AB12,AM12)+Статистика!$J$4))-Статистика!$C$10)/MAX(Статистика!$G$10-Статистика!$C$10,0.000001)))-MAX(0,MIN(1,(((IF(Статистика!$C$4="Параллельный режим (активная мощность)",Z12,AK12)+Статистика!$J$4))-Статистика!$C$10)/MAX(Статистика!$G$10-Статистика!$C$10,0.000001))))) -> 0.037986845 | BV12: =IF(Y12="","",MAX(0,MAX(0,MIN(1,(((IF(Статистика!$C$4="Параллельный режим (активная мощность)",AC12,AN12)+Статистика!$J$4))-Статистика!$C$10)/MAX(Статистика!$G$10-Статистика!$C$10,0.000001)))-MAX(0,MIN(1,(((IF(Статистика!$C$4="Параллельный режим (активная мощность)",AB12,AM12)+Статистика!$J$4))-Статистика!$C$10)/MAX(Статистика!$G$10-Статистика!$C$10,0.000001))))) -> 0.054830048 | BW12: =IF(Y12="","",MAX(0,MAX(0,MIN(1,(((IF(Статистика!$C$4="Параллельный режим (активная мощность)",AD12,AO12)+Статистика!$J$4))-Статистика!$C$10)/MAX(Статистика!$G$10-Статистика!$C$10,0.000001)))-MAX(0,MIN(1,(((IF(Статистика!$C$4="Параллельный режим (активная мощность)",AC12,AN12)+Статистика!$J$4))-Статистика!$C$10)/MAX(Статистика!$G$10-Статистика!$C$10,0.000001))))) -> 0.041814908 | BX12: =IF(Y12="","",MAX(0,MAX(0,MIN(1,(((IF(Статистика!$C$4="Параллельный режим (активная мощность)",AE12,AP12)+Статистика!$J$4))-Статистика!$C$10)/MAX(Статистика!$G$10-Статистика!$C$10,0.000001)))-MAX(0,MIN(1,(((IF(Статистика!$C$4="Параллельный режим (активная мощность)",AD12,AO12)+Статистика!$J$4))-Статистика!$C$10)/MAX(Статистика!$G$10-Статистика!$C$10,0.000001))))) -> 0.035135025 | BY12: =IF(Y12="","",MAX(0,MAX(0,MIN(1,(((IF(Статистика!$C$4="Параллельный режим (активная мощность)",AF12,AQ12)+Статистика!$J$4))-Статистика!$C$10)/MAX(Статистика!$G$10-Статистика!$C$10,0.000001)))-MAX(0,MIN(1,(((IF(Статистика!$C$4="Параллельный режим (активная мощность)",AE12,AP12)+Статистика!$J$4))-Статистика!$C$10)/MAX(Статистика!$G$10-Статистика!$C$10,0.000001))))) -> 0.15364613 | BZ12: =IF(Y12="","",MAX(0,MAX(0,MIN(1,(((IF(Статистика!$C$4="Параллельный режим (активная мощность)",AH12,AS12)+Статистика!$J$4))-Статистика!$C$10)/MAX(Статистика!$G$10-Статистика!$C$10,0.000001)))-MAX(0,MIN(1,(((IF(Статистика!$C$4="Параллельный режим (активная мощность)",AF12,AQ12)+Статистика!$J$4))-Статистика!$C$10)/MAX(Статистика!$G$10-Статистика!$C$10,0.000001))))) -> 0.020047154 | CA12: =IF(Y12="","",MAX(0,1-MAX(0,MIN(1,(((IF(Статистика!$C$4="Параллельный режим (активная мощность)",AH12,AS12)+Статистика!$J$4))-Статистика!$C$10)/MAX(Статистика!$G$10-Статистика!$C$10,0.000001))))) -> 0.13303337 | CB12: =IF(Y12="",NA(),IF(Статистика!$B$8="Вкл",(((IF(Статистика!$C$4="Параллельный режим (активная мощность)",AD12,AO12)+Статистика!$J$4))-Статистика!$C$10)/MAX(Статистика!$G$10-Статистика!$C$10,0.000001),NA())) -> 0.65813832 | CC12: =IF(Y12="",NA(),IF(Статистика!$D$8="Вкл",(((IF(Статистика!$C$4="Параллельный режим (активная мощность)",AC12,AN12)+Статистика!$J$4))-Статистика!$C$10)/MAX(Статистика!$G$10-Статистика!$C$10,0.000001),NA())) -> 0.61632341 | CD12: =IF(Y12="",NA(),IF(Статистика!$D$8="Вкл",(((IF(Статистика!$C$4="Параллельный режим (активная мощность)",AE12,AP12)+Статистика!$J$4))-Статистика!$C$10)/MAX(Статистика!$G$10-Статистика!$C$10,0.000001),NA())) -> 0.69327334 | CE12: =IF(Y12="",NA(),IF(Статистика!$F$8="Вкл",(((IF(Статистика!$C$4="Параллельный режим (активная мощность)",AB12,AM12)+Статистика!$J$4))-Статистика!$C$10)/MAX(Статистика!$G$10-Статистика!$C$10,0.000001),NA())) -> 0.56149336 | CF12: =IF(Y12="",NA(),IF(Статистика!$F$8="Вкл",(((IF(Статистика!$C$4="Параллельный режим (активная мощность)",AF12,AQ12)+Статистика!$J$4))-Статистика!$C$10)/MAX(Статистика!$G$10-Статистика!$C$10,0.000001),NA())) -> 0.84691947 | CG12: =IF(Y12="",NA(),IF(Статистика!$H$8="Вкл",(((IF(Статистика!$C$4="Параллельный режим (активная мощность)",Z12,AK12)+Статистика!$J$4))-Статистика!$C$10)/MAX(Статистика!$G$10-Статистика!$C$10,0.000001),NA())) -> 0.52350652 | CH12: =IF(Y12="",NA(),IF(Статистика!$H$8="Вкл",(((IF(Статистика!$C$4="Параллельный режим (активная мощность)",AH12,AS12)+Статистика!$J$4))-Статистика!$C$10)/MAX(Статистика!$G$10-Статистика!$C$10,0.000001),NA())) -> 0.86696663 | CI12: =IF(Y12="",NA(),IF(Статистика!$J$8="Вкл",(((IF(Статистика!$C$4="Параллельный режим (активная мощность)",AI12,AT12)+Статистика!$J$4))-Статистика!$C$10)/MAX(Статистика!$G$10-Статистика!$C$10,0.000001),NA())) -> #N/A | CJ12: =IF(AND(Y12<>"",Статистика!$C$6="Вкл",Статистика!$B$6>0),(Статистика!$B$6-Статистика!$C$10)/MAX(Статистика!$G$10-Статистика!$C$10,0.000001),NA()) -> #N/A | CK12: =IF(AND(Y12<>"",Статистика!$F$6="Вкл",Статистика!$E$6>0),(Статистика!$E$6-Статистика!$C$10)/MAX(Статистика!$G$10-Статистика!$C$10,0.000001),NA()) -> #N/A | CL12: =IF(AND(Y12<>"",Статистика!$I$6="Вкл",Статистика!$H$6>0),(Статистика!$H$6-Статистика!$C$10)/MAX(Статистика!$G$10-Статистика!$C$10,0.000001),NA()) -> #N/A | CM12: =IF(AND(Y12<>"",Статистика!$L$6="Вкл",Статистика!$K$6>0),(Статистика!$K$6-Статистика!$C$10)/MAX(Статистика!$G$10-Статистика!$C$10,0.000001),NA()) -> #N/A | CN12: =IF(AND(Y12<>"",Статистика!$M$6="Вкл",Статистика!$O$6>0),(Статистика!$O$6-Статистика!$C$10)/MAX(Статистика!$G$10-Статистика!$C$10,0.000001),NA()) -> #N/A | CO12: =IF(Y12="",NA(),1) -> 1
A13: 00:55 | B13: 2355.8202 | C13: 5774.2134 | D13: 7475.0394 | E13: 7791.3204 | F13: 8004.8907 | G13: 8196.3536 | H13: 8514.9887 | I13: 8608.5439 | J13: 8644.2817 | K13: 8848.87 | L13: 2026-07-09 00:58:10 | M13: 2946.0516 | N13: 6818.4774 | O13: 8665.0406 | P13: 8924.5258 | Q13: 9061.7332 | R13: 9259.6249 | S13: 9646.5615 | T13: 9697.8588 | U13: 9755.8465 | V13: 9960.7 | W13: 2026-07-09 00:58:10 | Y13: 00:55 | Z13: 7556.8896 | AA13: 7601.6062 | AB13: 7657.502 | AC13: 7868.4755 | AD13: 7985.9576 | AE13: 8044.0667 | AF13: 8483.3601 | AG13: 8525.1226 | AH13: 8558.5326 | AI13: 8709.86 | AJ13: 2026-07-04 00:59:57 | AK13: 8597.4149 | AL13: 8666.4103 | AM13: 8752.6545 | AN13: 8978.2882 | AO13: 9072.1214 | AP13: 9144.4155 | AQ13: 9599.5473 | AR13: 9625.022 | AS13: 9645.4016 | AT13: 9766.31 | AU13: 2026-07-04 00:59:57 | AW13: =IF(A13="","",MAX(0,MIN(1,(((IF(Статистика!$C$4="Параллельный режим (активная мощность)",B13,M13)+Статистика!$J$4))-Статистика!$C$10)/MAX(Статистика!$G$10-Статистика!$C$10,0.000001)))) -> 0 | AX13: =IF(A13="","",MAX(0,MAX(0,MIN(1,(((IF(Статистика!$C$4="Параллельный режим (активная мощность)",D13,O13)+Статистика!$J$4))-Статистика!$C$10)/MAX(Статистика!$G$10-Статистика!$C$10,0.000001)))-MAX(0,MIN(1,(((IF(Статистика!$C$4="Параллельный режим (активная мощность)",B13,M13)+Статистика!$J$4))-Статистика!$C$10)/MAX(Статистика!$G$10-Статистика!$C$10,0.000001))))) -> 0.49167979 | AY13: =IF(A13="","",MAX(0,MAX(0,MIN(1,(((IF(Статистика!$C$4="Параллельный режим (активная мощность)",E13,P13)+Статистика!$J$4))-Статистика!$C$10)/MAX(Статистика!$G$10-Статистика!$C$10,0.000001)))-MAX(0,MIN(1,(((IF(Статистика!$C$4="Параллельный режим (активная мощность)",D13,O13)+Статистика!$J$4))-Статистика!$C$10)/MAX(Статистика!$G$10-Статистика!$C$10,0.000001))))) -> 0.105427 | AZ13: =IF(A13="","",MAX(0,MAX(0,MIN(1,(((IF(Статистика!$C$4="Параллельный режим (активная мощность)",F13,Q13)+Статистика!$J$4))-Статистика!$C$10)/MAX(Статистика!$G$10-Статистика!$C$10,0.000001)))-MAX(0,MIN(1,(((IF(Статистика!$C$4="Параллельный режим (активная мощность)",E13,P13)+Статистика!$J$4))-Статистика!$C$10)/MAX(Статистика!$G$10-Статистика!$C$10,0.000001))))) -> 0.071190114 | BA13: =IF(A13="","",MAX(0,MAX(0,MIN(1,(((IF(Статистика!$C$4="Параллельный режим (активная мощность)",G13,R13)+Статистика!$J$4))-Статистика!$C$10)/MAX(Статистика!$G$10-Статистика!$C$10,0.000001)))-MAX(0,MIN(1,(((IF(Статистика!$C$4="Параллельный режим (активная мощность)",F13,Q13)+Статистика!$J$4))-Статистика!$C$10)/MAX(Статистика!$G$10-Статистика!$C$10,0.000001))))) -> 0.063820961 | BB13: =IF(A13="","",MAX(0,MAX(0,MIN(1,(((IF(Статистика!$C$4="Параллельный режим (активная мощность)",H13,S13)+Статистика!$J$4))-Статистика!$C$10)/MAX(Статистика!$G$10-Статистика!$C$10,0.000001)))-MAX(0,MIN(1,(((IF(Статистика!$C$4="Параллельный режим (активная мощность)",G13,R13)+Статистика!$J$4))-Статистика!$C$10)/MAX(Статистика!$G$10-Статистика!$C$10,0.000001))))) -> 0.10621172 | BC13: =IF(A13="","",MAX(0,MAX(0,MIN(1,(((IF(Статистика!$C$4="Параллельный режим (активная мощность)",J13,U13)+Статистика!$J$4))-Статистика!$C$10)/MAX(Статистика!$G$10-Статистика!$C$10,0.000001)))-MAX(0,MIN(1,(((IF(Статистика!$C$4="Параллельный режим (активная мощность)",H13,S13)+Статистика!$J$4))-Статистика!$C$10)/MAX(Статистика!$G$10-Статистика!$C$10,0.000001))))) -> 0.043097653 | BD13: =IF(A13="","",MAX(0,1-MAX(0,MIN(1,(((IF(Статистика!$C$4="Параллельный режим (активная мощность)",J13,U13)+Статистика!$J$4))-Статистика!$C$10)/MAX(Статистика!$G$10-Статистика!$C$10,0.000001))))) -> 0.11857277 | BE13: =IF(A13="",NA(),IF(Статистика!$B$8="Вкл",(((IF(Статистика!$C$4="Параллельный режим (активная мощность)",F13,Q13)+Статистика!$J$4))-Статистика!$C$10)/MAX(Статистика!$G$10-Статистика!$C$10,0.000001),NA())) -> 0.6682969 | BF13: =IF(A13="",NA(),IF(Статистика!$D$8="Вкл",(((IF(Статистика!$C$4="Параллельный режим (активная мощность)",E13,P13)+Статистика!$J$4))-Статистика!$C$10)/MAX(Статистика!$G$10-Статистика!$C$10,0.000001),NA())) -> 0.59710679 | BG13: =IF(A13="",NA(),IF(Статистика!$D$8="Вкл",(((IF(Статистика!$C$4="Параллельный режим (активная мощность)",G13,R13)+Статистика!$J$4))-Статистика!$C$10)/MAX(Статистика!$G$10-Статистика!$C$10,0.000001),NA())) -> 0.73211786 | BH13: =IF(A13="",NA(),IF(Статистика!$F$8="Вкл",(((IF(Статистика!$C$4="Параллельный режим (активная мощность)",D13,O13)+Статистика!$J$4))-Статистика!$C$10)/MAX(Статистика!$G$10-Статистика!$C$10,0.000001),NA())) -> 0.49167979 | BI13: =IF(A13="",NA(),IF(Статистика!$F$8="Вкл",(((IF(Статистика!$C$4="Параллельный режим (активная мощность)",H13,S13)+Статистика!$J$4))-Статистика!$C$10)/MAX(Статистика!$G$10-Статистика!$C$10,0.000001),NA())) -> 0.83832958 | BJ13: =IF(A13="",NA(),IF(Статистика!$H$8="Вкл",(((IF(Статистика!$C$4="Параллельный режим (активная мощность)",B13,M13)+Статистика!$J$4))-Статистика!$C$10)/MAX(Статистика!$G$10-Статистика!$C$10,0.000001),NA())) -> -1.2147266 | BK13: =IF(A13="",NA(),IF(Статистика!$H$8="Вкл",(((IF(Статистика!$C$4="Параллельный режим (активная мощность)",J13,U13)+Статистика!$J$4))-Статистика!$C$10)/MAX(Статистика!$G$10-Статистика!$C$10,0.000001),NA())) -> 0.88142723 | BL13: =IF(A13="",NA(),IF(Статистика!$J$8="Вкл",(((IF(Статистика!$C$4="Параллельный режим (активная мощность)",K13,V13)+Статистика!$J$4))-Статистика!$C$10)/MAX(Статистика!$G$10-Статистика!$C$10,0.000001),NA())) -> #N/A | BM13: =IF(AND(A13<>"",Статистика!$C$6="Вкл",Статистика!$B$6>0),(Статистика!$B$6-Статистика!$C$10)/MAX(Статистика!$G$10-Статистика!$C$10,0.000001),NA()) -> #N/A | BN13: =IF(AND(A13<>"",Статистика!$F$6="Вкл",Статистика!$E$6>0),(Статистика!$E$6-Статистика!$C$10)/MAX(Статистика!$G$10-Статистика!$C$10,0.000001),NA()) -> #N/A | BO13: =IF(AND(A13<>"",Статистика!$I$6="Вкл",Статистика!$H$6>0),(Статистика!$H$6-Статистика!$C$10)/MAX(Статистика!$G$10-Статистика!$C$10,0.000001),NA()) -> #N/A | BP13: =IF(AND(A13<>"",Статистика!$L$6="Вкл",Статистика!$K$6>0),(Статистика!$K$6-Статистика!$C$10)/MAX(Статистика!$G$10-Статистика!$C$10,0.000001),NA()) -> #N/A | BQ13: =IF(AND(A13<>"",Статистика!$M$6="Вкл",Статистика!$O$6>0),(Статистика!$O$6-Статистика!$C$10)/MAX(Статистика!$G$10-Статистика!$C$10,0.000001),NA()) -> #N/A | BR13: =IF(A13="",NA(),1) -> 1 | BT13: =IF(Y13="","",MAX(0,MIN(1,(((IF(Статистика!$C$4="Параллельный режим (активная мощность)",Z13,AK13)+Статистика!$J$4))-Статистика!$C$10)/MAX(Статистика!$G$10-Статистика!$C$10,0.000001)))) -> 0.51896322 | BU13: =IF(Y13="","",MAX(0,MAX(0,MIN(1,(((IF(Статистика!$C$4="Параллельный режим (активная мощность)",AB13,AM13)+Статистика!$J$4))-Статистика!$C$10)/MAX(Статистика!$G$10-Статистика!$C$10,0.000001)))-MAX(0,MIN(1,(((IF(Статистика!$C$4="Параллельный режим (активная мощность)",Z13,AK13)+Статистика!$J$4))-Статистика!$C$10)/MAX(Статистика!$G$10-Статистика!$C$10,0.000001))))) -> 0.033537449 | BV13: =IF(Y13="","",MAX(0,MAX(0,MIN(1,(((IF(Статистика!$C$4="Параллельный режим (активная мощность)",AC13,AN13)+Статистика!$J$4))-Статистика!$C$10)/MAX(Статистика!$G$10-Статистика!$C$10,0.000001)))-MAX(0,MIN(1,(((IF(Статистика!$C$4="Параллельный режим (активная мощность)",AB13,AM13)+Статистика!$J$4))-Статистика!$C$10)/MAX(Статистика!$G$10-Статистика!$C$10,0.000001))))) -> 0.070324507 | BW13: =IF(Y13="","",MAX(0,MAX(0,MIN(1,(((IF(Статистика!$C$4="Параллельный режим (активная мощность)",AD13,AO13)+Статистика!$J$4))-Статистика!$C$10)/MAX(Статистика!$G$10-Статистика!$C$10,0.000001)))-MAX(0,MIN(1,(((IF(Статистика!$C$4="Параллельный режим (активная мощность)",AC13,AN13)+Статистика!$J$4))-Статистика!$C$10)/MAX(Статистика!$G$10-Статистика!$C$10,0.000001))))) -> 0.0391607 | BX13: =IF(Y13="","",MAX(0,MAX(0,MIN(1,(((IF(Статистика!$C$4="Параллельный режим (активная мощность)",AE13,AP13)+Статистика!$J$4))-Статистика!$C$10)/MAX(Статистика!$G$10-Статистика!$C$10,0.000001)))-MAX(0,MIN(1,(((IF(Статистика!$C$4="Параллельный режим (активная мощность)",AD13,AO13)+Статистика!$J$4))-Статистика!$C$10)/MAX(Статистика!$G$10-Статистика!$C$10,0.000001))))) -> 0.019369689 | BY13: =IF(Y13="","",MAX(0,MAX(0,MIN(1,(((IF(Статистика!$C$4="Параллельный режим (активная мощность)",AF13,AQ13)+Статистика!$J$4))-Статистика!$C$10)/MAX(Статистика!$G$10-Статистика!$C$10,0.000001)))-MAX(0,MIN(1,(((IF(Статистика!$C$4="Параллельный режим (активная мощность)",AE13,AP13)+Статистика!$J$4))-Статистика!$C$10)/MAX(Статистика!$G$10-Статистика!$C$10,0.000001))))) -> 0.14643113 | BZ13: =IF(Y13="","",MAX(0,MAX(0,MIN(1,(((IF(Статистика!$C$4="Параллельный режим (активная мощность)",AH13,AS13)+Статистика!$J$4))-Статистика!$C$10)/MAX(Статистика!$G$10-Статистика!$C$10,0.000001)))-MAX(0,MIN(1,(((IF(Статистика!$C$4="Параллельный режим (активная мощность)",AF13,AQ13)+Статистика!$J$4))-Статистика!$C$10)/MAX(Статистика!$G$10-Статистика!$C$10,0.000001))))) -> 0.025057511 | CA13: =IF(Y13="","",MAX(0,1-MAX(0,MIN(1,(((IF(Статистика!$C$4="Параллельный режим (активная мощность)",AH13,AS13)+Статистика!$J$4))-Статистика!$C$10)/MAX(Статистика!$G$10-Статистика!$C$10,0.000001))))) -> 0.1471558 | CB13: =IF(Y13="",NA(),IF(Статистика!$B$8="Вкл",(((IF(Статистика!$C$4="Параллельный режим (активная мощность)",AD13,AO13)+Статистика!$J$4))-Статистика!$C$10)/MAX(Статистика!$G$10-Статистика!$C$10,0.000001),NA())) -> 0.66198587 | CC13: =IF(Y13="",NA(),IF(Статистика!$D$8="Вкл",(((IF(Статистика!$C$4="Параллельный режим (активная мощность)",AC13,AN13)+Статистика!$J$4))-Статистика!$C$10)/MAX(Статистика!$G$10-Статистика!$C$10,0.000001),NA())) -> 0.62282517 | CD13: =IF(Y13="",NA(),IF(Статистика!$D$8="Вкл",(((IF(Статистика!$C$4="Параллельный режим (активная мощность)",AE13,AP13)+Статистика!$J$4))-Статистика!$C$10)/MAX(Статистика!$G$10-Статистика!$C$10,0.000001),NA())) -> 0.68135556 | CE13: =IF(Y13="",NA(),IF(Статистика!$F$8="Вкл",(((IF(Статистика!$C$4="Параллельный режим (активная мощность)",AB13,AM13)+Статистика!$J$4))-Статистика!$C$10)/MAX(Статистика!$G$10-Статистика!$C$10,0.000001),NA())) -> 0.55250067 | CF13: =IF(Y13="",NA(),IF(Статистика!$F$8="Вкл",(((IF(Статистика!$C$4="Параллельный режим (активная мощность)",AF13,AQ13)+Статистика!$J$4))-Статистика!$C$10)/MAX(Статистика!$G$10-Статистика!$C$10,0.000001),NA())) -> 0.82778669 | CG13: =IF(Y13="",NA(),IF(Статистика!$H$8="Вкл",(((IF(Статистика!$C$4="Параллельный режим (активная мощность)",Z13,AK13)+Статистика!$J$4))-Статистика!$C$10)/MAX(Статистика!$G$10-Статистика!$C$10,0.000001),NA())) -> 0.51896322 | CH13: =IF(Y13="",NA(),IF(Статистика!$H$8="Вкл",(((IF(Статистика!$C$4="Параллельный режим (активная мощность)",AH13,AS13)+Статистика!$J$4))-Статистика!$C$10)/MAX(Статистика!$G$10-Статистика!$C$10,0.000001),NA())) -> 0.8528442 | CI13: =IF(Y13="",NA(),IF(Статистика!$J$8="Вкл",(((IF(Статистика!$C$4="Параллельный режим (активная мощность)",AI13,AT13)+Статистика!$J$4))-Статистика!$C$10)/MAX(Статистика!$G$10-Статистика!$C$10,0.000001),NA())) -> #N/A | CJ13: =IF(AND(Y13<>"",Статистика!$C$6="Вкл",Статистика!$B$6>0),(Статистика!$B$6-Статистика!$C$10)/MAX(Статистика!$G$10-Статистика!$C$10,0.000001),NA()) -> #N/A | CK13: =IF(AND(Y13<>"",Статистика!$F$6="Вкл",Статистика!$E$6>0),(Статистика!$E$6-Статистика!$C$10)/MAX(Статистика!$G$10-Статистика!$C$10,0.000001),NA()) -> #N/A | CL13: =IF(AND(Y13<>"",Статистика!$I$6="Вкл",Статистика!$H$6>0),(Статистика!$H$6-Статистика!$C$10)/MAX(Статистика!$G$10-Статистика!$C$10,0.000001),NA()) -> #N/A | CM13: =IF(AND(Y13<>"",Статистика!$L$6="Вкл",Статистика!$K$6>0),(Статистика!$K$6-Статистика!$C$10)/MAX(Статистика!$G$10-Статистика!$C$10,0.000001),NA()) -> #N/A | CN13: =IF(AND(Y13<>"",Статистика!$M$6="Вкл",Статистика!$O$6>0),(Статистика!$O$6-Статистика!$C$10)/MAX(Статистика!$G$10-Статистика!$C$10,0.000001),NA()) -> #N/A | CO13: =IF(Y13="",NA(),1) -> 1
A14: 01:00 | B14: 2343.8735 | C14: 5771.3379 | D14: 7475.2658 | E14: 7793.4618 | F14: 8014.5968 | G14: 8189.501 | H14: 8515.2193 | I14: 8610.7755 | J14: 8613.3144 | K14: 8788.08 | L14: 2026-07-09 01:04:52 | M14: 2934.5455 | N14: 6823.2095 | O14: 8672.8257 | P14: 8931.3634 | Q14: 9111.0402 | R14: 9268.7541 | S14: 9620.5174 | T14: 9707.1061 | U14: 9726.1533 | V14: 9862.29 | W14: 2026-07-09 01:04:47 | Y14: 01:00 | Z14: 7464.3337 | AA14: 7533.7263 | AB14: 7620.4671 | AC14: 7834.4954 | AD14: 7953.1534 | AE14: 8055.9423 | AF14: 8494.9891 | AG14: 8535.4707 | AH14: 8567.8559 | AI14: 8711.69 | AJ14: 2026-07-04 01:01:33 | AK14: 8520.0965 | AL14: 8609.11 | AM14: 8720.3769 | AN14: 8977.9434 | AO14: 9039.3525 | AP14: 9164.2694 | AQ14: 9617.1744 | AR14: 9640.1838 | AS14: 9658.5913 | AT14: 9782.8 | AU14: 2026-07-04 01:01:33 | AW14: =IF(A14="","",MAX(0,MIN(1,(((IF(Статистика!$C$4="Параллельный режим (активная мощность)",B14,M14)+Статистика!$J$4))-Статистика!$C$10)/MAX(Статистика!$G$10-Статистика!$C$10,0.000001)))) -> 0 | AX14: =IF(A14="","",MAX(0,MAX(0,MIN(1,(((IF(Статистика!$C$4="Параллельный режим (активная мощность)",D14,O14)+Статистика!$J$4))-Статистика!$C$10)/MAX(Статистика!$G$10-Статистика!$C$10,0.000001)))-MAX(0,MIN(1,(((IF(Статистика!$C$4="Параллельный режим (активная мощность)",B14,M14)+Статистика!$J$4))-Статистика!$C$10)/MAX(Статистика!$G$10-Статистика!$C$10,0.000001))))) -> 0.49175528 | AY14: =IF(A14="","",MAX(0,MAX(0,MIN(1,(((IF(Статистика!$C$4="Параллельный режим (активная мощность)",E14,P14)+Статистика!$J$4))-Статистика!$C$10)/MAX(Статистика!$G$10-Статистика!$C$10,0.000001)))-MAX(0,MIN(1,(((IF(Статистика!$C$4="Параллельный режим (активная мощность)",D14,O14)+Статистика!$J$4))-Статистика!$C$10)/MAX(Статистика!$G$10-Статистика!$C$10,0.000001))))) -> 0.10606533 | AZ14: =IF(A14="","",MAX(0,MAX(0,MIN(1,(((IF(Статистика!$C$4="Параллельный режим (активная мощность)",F14,Q14)+Статистика!$J$4))-Статистика!$C$10)/MAX(Статистика!$G$10-Статистика!$C$10,0.000001)))-MAX(0,MIN(1,(((IF(Статистика!$C$4="Параллельный режим (активная мощность)",E14,P14)+Статистика!$J$4))-Статистика!$C$10)/MAX(Статистика!$G$10-Статистика!$C$10,0.000001))))) -> 0.073711669 | BA14: =IF(A14="","",MAX(0,MAX(0,MIN(1,(((IF(Статистика!$C$4="Параллельный режим (активная мощность)",G14,R14)+Статистика!$J$4))-Статистика!$C$10)/MAX(Статистика!$G$10-Статистика!$C$10,0.000001)))-MAX(0,MIN(1,(((IF(Статистика!$C$4="Параллельный режим (активная мощность)",F14,Q14)+Статистика!$J$4))-Статистика!$C$10)/MAX(Статистика!$G$10-Статистика!$C$10,0.000001))))) -> 0.058301389 | BB14: =IF(A14="","",MAX(0,MAX(0,MIN(1,(((IF(Статистика!$C$4="Параллельный режим (активная мощность)",H14,S14)+Статистика!$J$4))-Статистика!$C$10)/MAX(Статистика!$G$10-Статистика!$C$10,0.000001)))-MAX(0,MIN(1,(((IF(Статистика!$C$4="Параллельный режим (активная мощность)",G14,R14)+Статистика!$J$4))-Статистика!$C$10)/MAX(Статистика!$G$10-Статистика!$C$10,0.000001))))) -> 0.10857276 | BC14: =IF(A14="","",MAX(0,MAX(0,MIN(1,(((IF(Статистика!$C$4="Параллельный режим (активная мощность)",J14,U14)+Статистика!$J$4))-Статистика!$C$10)/MAX(Статистика!$G$10-Статистика!$C$10,0.000001)))-MAX(0,MIN(1,(((IF(Статистика!$C$4="Параллельный режим (активная мощность)",H14,S14)+Статистика!$J$4))-Статистика!$C$10)/MAX(Статистика!$G$10-Статистика!$C$10,0.000001))))) -> 0.032698361 | BD14: =IF(A14="","",MAX(0,1-MAX(0,MIN(1,(((IF(Статистика!$C$4="Параллельный режим (активная мощность)",J14,U14)+Статистика!$J$4))-Статистика!$C$10)/MAX(Статистика!$G$10-Статистика!$C$10,0.000001))))) -> 0.12889521 | BE14: =IF(A14="",NA(),IF(Статистика!$B$8="Вкл",(((IF(Статистика!$C$4="Параллельный режим (активная мощность)",F14,Q14)+Статистика!$J$4))-Статистика!$C$10)/MAX(Статистика!$G$10-Статистика!$C$10,0.000001),NA())) -> 0.67153228 | BF14: =IF(A14="",NA(),IF(Статистика!$D$8="Вкл",(((IF(Статистика!$C$4="Параллельный режим (активная мощность)",E14,P14)+Статистика!$J$4))-Статистика!$C$10)/MAX(Статистика!$G$10-Статистика!$C$10,0.000001),NA())) -> 0.59782061 | BG14: =IF(A14="",NA(),IF(Статистика!$D$8="Вкл",(((IF(Статистика!$C$4="Параллельный режим (активная мощность)",G14,R14)+Статистика!$J$4))-Статистика!$C$10)/MAX(Статистика!$G$10-Статистика!$C$10,0.000001),NA())) -> 0.72983367 | BH14: =IF(A14="",NA(),IF(Статистика!$F$8="Вкл",(((IF(Статистика!$C$4="Параллельный режим (активная мощность)",D14,O14)+Статистика!$J$4))-Статистика!$C$10)/MAX(Статистика!$G$10-Статистика!$C$10,0.000001),NA())) -> 0.49175528 | BI14: =IF(A14="",NA(),IF(Статистика!$F$8="Вкл",(((IF(Статистика!$C$4="Параллельный режим (активная мощность)",H14,S14)+Статистика!$J$4))-Статистика!$C$10)/MAX(Статистика!$G$10-Статистика!$C$10,0.000001),NA())) -> 0.83840643 | BJ14: =IF(A14="",NA(),IF(Статистика!$H$8="Вкл",(((IF(Статистика!$C$4="Параллельный режим (активная мощность)",B14,M14)+Статистика!$J$4))-Статистика!$C$10)/MAX(Статистика!$G$10-Статистика!$C$10,0.000001),NA())) -> -1.2187088 | BK14: =IF(A14="",NA(),IF(Статистика!$H$8="Вкл",(((IF(Статистика!$C$4="Параллельный режим (активная мощность)",J14,U14)+Статистика!$J$4))-Статистика!$C$10)/MAX(Статистика!$G$10-Статистика!$C$10,0.000001),NA())) -> 0.87110479 | BL14: =IF(A14="",NA(),IF(Статистика!$J$8="Вкл",(((IF(Статистика!$C$4="Параллельный режим (активная мощность)",K14,V14)+Статистика!$J$4))-Статистика!$C$10)/MAX(Статистика!$G$10-Статистика!$C$10,0.000001),NA())) -> #N/A | BM14: =IF(AND(A14<>"",Статистика!$C$6="Вкл",Статистика!$B$6>0),(Статистика!$B$6-Статистика!$C$10)/MAX(Статистика!$G$10-Статистика!$C$10,0.000001),NA()) -> #N/A | BN14: =IF(AND(A14<>"",Статистика!$F$6="Вкл",Статистика!$E$6>0),(Статистика!$E$6-Статистика!$C$10)/MAX(Статистика!$G$10-Статистика!$C$10,0.000001),NA()) -> #N/A | BO14: =IF(AND(A14<>"",Статистика!$I$6="Вкл",Статистика!$H$6>0),(Статистика!$H$6-Статистика!$C$10)/MAX(Статистика!$G$10-Статистика!$C$10,0.000001),NA()) -> #N/A | BP14: =IF(AND(A14<>"",Статистика!$L$6="Вкл",Статистика!$K$6>0),(Статистика!$K$6-Статистика!$C$10)/MAX(Статистика!$G$10-Статистика!$C$10,0.000001),NA()) -> #N/A | BQ14: =IF(AND(A14<>"",Статистика!$M$6="Вкл",Статистика!$O$6>0),(Статистика!$O$6-Статистика!$C$10)/MAX(Статистика!$G$10-Статистика!$C$10,0.000001),NA()) -> #N/A | BR14: =IF(A14="",NA(),1) -> 1 | BT14: =IF(Y14="","",MAX(0,MIN(1,(((IF(Статистика!$C$4="Параллельный режим (активная мощность)",Z14,AK14)+Статистика!$J$4))-Статистика!$C$10)/MAX(Статистика!$G$10-Статистика!$C$10,0.000001)))) -> 0.48811125 | BU14: =IF(Y14="","",MAX(0,MAX(0,MIN(1,(((IF(Статистика!$C$4="Параллельный режим (активная мощность)",AB14,AM14)+Статистика!$J$4))-Статистика!$C$10)/MAX(Статистика!$G$10-Статистика!$C$10,0.000001)))-MAX(0,MIN(1,(((IF(Статистика!$C$4="Параллельный режим (активная мощность)",Z14,AK14)+Статистика!$J$4))-Статистика!$C$10)/MAX(Статистика!$G$10-Статистика!$C$10,0.000001))))) -> 0.052044449 | BV14: =IF(Y14="","",MAX(0,MAX(0,MIN(1,(((IF(Статистика!$C$4="Параллельный режим (активная мощность)",AC14,AN14)+Статистика!$J$4))-Статистика!$C$10)/MAX(Статистика!$G$10-Статистика!$C$10,0.000001)))-MAX(0,MIN(1,(((IF(Статистика!$C$4="Параллельный режим (активная мощность)",AB14,AM14)+Статистика!$J$4))-Статистика!$C$10)/MAX(Статистика!$G$10-Статистика!$C$10,0.000001))))) -> 0.07134276 | BW14: =IF(Y14="","",MAX(0,MAX(0,MIN(1,(((IF(Статистика!$C$4="Параллельный режим (активная мощность)",AD14,AO14)+Статистика!$J$4))-Статистика!$C$10)/MAX(Статистика!$G$10-Статистика!$C$10,0.000001)))-MAX(0,MIN(1,(((IF(Статистика!$C$4="Параллельный режим (активная мощность)",AC14,AN14)+Статистика!$J$4))-Статистика!$C$10)/MAX(Статистика!$G$10-Статистика!$C$10,0.000001))))) -> 0.039552692 | BX14: =IF(Y14="","",MAX(0,MAX(0,MIN(1,(((IF(Статистика!$C$4="Параллельный режим (активная мощность)",AE14,AP14)+Статистика!$J$4))-Статистика!$C$10)/MAX(Статистика!$G$10-Статистика!$C$10,0.000001)))-MAX(0,MIN(1,(((IF(Статистика!$C$4="Параллельный режим (активная мощность)",AD14,AO14)+Статистика!$J$4))-Статистика!$C$10)/MAX(Статистика!$G$10-Статистика!$C$10,0.000001))))) -> 0.034262967 | BY14: =IF(Y14="","",MAX(0,MAX(0,MIN(1,(((IF(Статистика!$C$4="Параллельный режим (активная мощность)",AF14,AQ14)+Статистика!$J$4))-Статистика!$C$10)/MAX(Статистика!$G$10-Статистика!$C$10,0.000001)))-MAX(0,MIN(1,(((IF(Статистика!$C$4="Параллельный режим (активная мощность)",AE14,AP14)+Статистика!$J$4))-Статистика!$C$10)/MAX(Статистика!$G$10-Статистика!$C$10,0.000001))))) -> 0.14634892 | BZ14: =IF(Y14="","",MAX(0,MAX(0,MIN(1,(((IF(Статистика!$C$4="Параллельный режим (активная мощность)",AH14,AS14)+Статистика!$J$4))-Статистика!$C$10)/MAX(Статистика!$G$10-Статистика!$C$10,0.000001)))-MAX(0,MIN(1,(((IF(Статистика!$C$4="Параллельный режим (активная мощность)",AF14,AQ14)+Статистика!$J$4))-Статистика!$C$10)/MAX(Статистика!$G$10-Статистика!$C$10,0.000001))))) -> 0.024288929 | CA14: =IF(Y14="","",MAX(0,1-MAX(0,MIN(1,(((IF(Статистика!$C$4="Параллельный режим (активная мощность)",AH14,AS14)+Статистика!$J$4))-Статистика!$C$10)/MAX(Статистика!$G$10-Статистика!$C$10,0.000001))))) -> 0.14404804 | CB14: =IF(Y14="",NA(),IF(Статистика!$B$8="Вкл",(((IF(Статистика!$C$4="Параллельный режим (активная мощность)",AD14,AO14)+Статистика!$J$4))-Статистика!$C$10)/MAX(Статистика!$G$10-Статистика!$C$10,0.000001),NA())) -> 0.65105115 | CC14: =IF(Y14="",NA(),IF(Статистика!$D$8="Вкл",(((IF(Статистика!$C$4="Параллельный режим (активная мощность)",AC14,AN14)+Статистика!$J$4))-Статистика!$C$10)/MAX(Статистика!$G$10-Статистика!$C$10,0.000001),NA())) -> 0.61149846 | CD14: =IF(Y14="",NA(),IF(Статистика!$D$8="Вкл",(((IF(Статистика!$C$4="Параллельный режим (активная мощность)",AE14,AP14)+Статистика!$J$4))-Статистика!$C$10)/MAX(Статистика!$G$10-Статистика!$C$10,0.000001),NA())) -> 0.68531412 | CE14: =IF(Y14="",NA(),IF(Статистика!$F$8="Вкл",(((IF(Статистика!$C$4="Параллельный режим (активная мощность)",AB14,AM14)+Статистика!$J$4))-Статистика!$C$10)/MAX(Статистика!$G$10-Статистика!$C$10,0.000001),NA())) -> 0.5401557 | CF14: =IF(Y14="",NA(),IF(Статистика!$F$8="Вкл",(((IF(Статистика!$C$4="Параллельный режим (активная мощность)",AF14,AQ14)+Статистика!$J$4))-Статистика!$C$10)/MAX(Статистика!$G$10-Статистика!$C$10,0.000001),NA())) -> 0.83166303 | CG14: =IF(Y14="",NA(),IF(Статистика!$H$8="Вкл",(((IF(Статистика!$C$4="Параллельный режим (активная мощность)",Z14,AK14)+Статистика!$J$4))-Статистика!$C$10)/MAX(Статистика!$G$10-Статистика!$C$10,0.000001),NA())) -> 0.48811125 | CH14: =IF(Y14="",NA(),IF(Статистика!$H$8="Вкл",(((IF(Статистика!$C$4="Параллельный режим (активная мощность)",AH14,AS14)+Статистика!$J$4))-Статистика!$C$10)/MAX(Статистика!$G$10-Статистика!$C$10,0.000001),NA())) -> 0.85595196 | CI14: =IF(Y14="",NA(),IF(Статистика!$J$8="Вкл",(((IF(Статистика!$C$4="Параллельный режим (активная мощность)",AI14,AT14)+Статистика!$J$4))-Статистика!$C$10)/MAX(Статистика!$G$10-Статистика!$C$10,0.000001),NA())) -> #N/A | CJ14: =IF(AND(Y14<>"",Статистика!$C$6="Вкл",Статистика!$B$6>0),(Статистика!$B$6-Статистика!$C$10)/MAX(Статистика!$G$10-Статистика!$C$10,0.000001),NA()) -> #N/A | CK14: =IF(AND(Y14<>"",Статистика!$F$6="Вкл",Статистика!$E$6>0),(Статистика!$E$6-Статистика!$C$10)/MAX(Статистика!$G$10-Статистика!$C$10,0.000001),NA()) -> #N/A | CL14: =IF(AND(Y14<>"",Статистика!$I$6="Вкл",Статистика!$H$6>0),(Статистика!$H$6-Статистика!$C$10)/MAX(Статистика!$G$10-Статистика!$C$10,0.000001),NA()) -> #N/A | CM14: =IF(AND(Y14<>"",Статистика!$L$6="Вкл",Статистика!$K$6>0),(Статистика!$K$6-Статистика!$C$10)/MAX(Статистика!$G$10-Статистика!$C$10,0.000001),NA()) -> #N/A | CN14: =IF(AND(Y14<>"",Статистика!$M$6="Вкл",Статистика!$O$6>0),(Статистика!$O$6-Статистика!$C$10)/MAX(Статистика!$G$10-Статистика!$C$10,0.000001),NA()) -> #N/A | CO14: =IF(Y14="",NA(),1) -> 1
... A289: 23:55 | B289: 2286.3505 | C289: 5647.6456 | D289: 7348.125 | E289: 7610.8971 | F289: 7796.6695 | G289: 8118.944 | H289: 8287.4042 | I289: 8367.3633 | J289: 8409.1146 | K289: 8564.33 | L289: 2026-07-07 23:55:25 | M289: 2829.416 | N289: 6499.621 | O289: 8349.1067 | P289: 8684.2414 | Q289: 8819.1013 | R289: 9128.7468 | S289: 9392.5343 | T289: 9490.0276 | U289: 9542.574 | V289: 9736.62 | W289: 2026-07-07 23:55:19 | Y289: 23:55 | Z289: 7615.1969 | AA289: 7615.6547 | AB289: 7616.227 | AC289: 7697.389 | AD289: 7808.8397 | AE289: 7991.9668 | AF289: 8401.6371 | AG289: 8436.5643 | AH289: 8464.5061 | AI289: 8574.86 | AJ289: 2026-07-04 23:55:54 | AK289: 8682.1668 | AL289: 8690.6423 | AM289: 8701.2368 | AN289: 8750.7808 | AO289: 8803.8452 | AP289: 8981.1865 | AQ289: 9465.4601 | AR289: 9510.4419 | AS289: 9546.4273 | AT289: 9666.42 | AU289: 2026-07-04 23:55:30 | AW289: =IF(A289="","",MAX(0,MIN(1,(((IF(Статистика!$C$4="Параллельный режим (активная мощность)",B289,M289)+Статистика!$J$4))-Статистика!$C$10)/MAX(Статистика!$G$10-Статистика!$C$10,0.000001)))) -> 0 | AX289: =IF(A289="","",MAX(0,MAX(0,MIN(1,(((IF(Статистика!$C$4="Параллельный режим (активная мощность)",D289,O289)+Статистика!$J$4))-Статистика!$C$10)/MAX(Статистика!$G$10-Статистика!$C$10,0.000001)))-MAX(0,MIN(1,(((IF(Статистика!$C$4="Параллельный режим (активная мощность)",B289,M289)+Статистика!$J$4))-Статистика!$C$10)/MAX(Статистика!$G$10-Статистика!$C$10,0.000001))))) -> 0.44937499 | AY289: =IF(A289="","",MAX(0,MAX(0,MIN(1,(((IF(Статистика!$C$4="Параллельный режим (активная мощность)",E289,P289)+Статистика!$J$4))-Статистика!$C$10)/MAX(Статистика!$G$10-Статистика!$C$10,0.000001)))-MAX(0,MIN(1,(((IF(Статистика!$C$4="Параллельный режим (активная мощность)",D289,O289)+Статистика!$J$4))-Статистика!$C$10)/MAX(Статистика!$G$10-Статистика!$C$10,0.000001))))) -> 0.087590697 | AZ289: =IF(A289="","",MAX(0,MAX(0,MIN(1,(((IF(Статистика!$C$4="Параллельный режим (активная мощность)",F289,Q289)+Статистика!$J$4))-Статистика!$C$10)/MAX(Статистика!$G$10-Статистика!$C$10,0.000001)))-MAX(0,MIN(1,(((IF(Статистика!$C$4="Параллельный режим (активная мощность)",E289,P289)+Статистика!$J$4))-Статистика!$C$10)/MAX(Статистика!$G$10-Статистика!$C$10,0.000001))))) -> 0.061924128 | BA289: =IF(A289="","",MAX(0,MAX(0,MIN(1,(((IF(Статистика!$C$4="Параллельный режим (активная мощность)",G289,R289)+Статистика!$J$4))-Статистика!$C$10)/MAX(Статистика!$G$10-Статистика!$C$10,0.000001)))-MAX(0,MIN(1,(((IF(Статистика!$C$4="Параллельный режим (активная мощность)",F289,Q289)+Статистика!$J$4))-Статистика!$C$10)/MAX(Статистика!$G$10-Статистика!$C$10,0.000001))))) -> 0.10742484 | BB289: =IF(A289="","",MAX(0,MAX(0,MIN(1,(((IF(Статистика!$C$4="Параллельный режим (активная мощность)",H289,S289)+Статистика!$J$4))-Статистика!$C$10)/MAX(Статистика!$G$10-Статистика!$C$10,0.000001)))-MAX(0,MIN(1,(((IF(Статистика!$C$4="Параллельный режим (активная мощность)",G289,R289)+Статистика!$J$4))-Статистика!$C$10)/MAX(Статистика!$G$10-Статистика!$C$10,0.000001))))) -> 0.056153421 | BC289: =IF(A289="","",MAX(0,MAX(0,MIN(1,(((IF(Статистика!$C$4="Параллельный режим (активная мощность)",J289,U289)+Статистика!$J$4))-Статистика!$C$10)/MAX(Статистика!$G$10-Статистика!$C$10,0.000001)))-MAX(0,MIN(1,(((IF(Статистика!$C$4="Параллельный режим (активная мощность)",H289,S289)+Статистика!$J$4))-Статистика!$C$10)/MAX(Статистика!$G$10-Статистика!$C$10,0.000001))))) -> 0.040570135 | BD289: =IF(A289="","",MAX(0,1-MAX(0,MIN(1,(((IF(Статистика!$C$4="Параллельный режим (активная мощность)",J289,U289)+Статистика!$J$4))-Статистика!$C$10)/MAX(Статистика!$G$10-Статистика!$C$10,0.000001))))) -> 0.19696179 | BE289: =IF(A289="",NA(),IF(Статистика!$B$8="Вкл",(((IF(Статистика!$C$4="Параллельный режим (активная мощность)",F289,Q289)+Статистика!$J$4))-Статистика!$C$10)/MAX(Статистика!$G$10-Статистика!$C$10,0.000001),NA())) -> 0.59888982 | BF289: =IF(A289="",NA(),IF(Статистика!$D$8="Вкл",(((IF(Статистика!$C$4="Параллельный режим (активная мощность)",E289,P289)+Статистика!$J$4))-Статистика!$C$10)/MAX(Статистика!$G$10-Статистика!$C$10,0.000001),NA())) -> 0.53696569 | BG289: =IF(A289="",NA(),IF(Статистика!$D$8="Вкл",(((IF(Статистика!$C$4="Параллельный режим (активная мощность)",G289,R289)+Статистика!$J$4))-Статистика!$C$10)/MAX(Статистика!$G$10-Статистика!$C$10,0.000001),NA())) -> 0.70631466 | BH289: =IF(A289="",NA(),IF(Статистика!$F$8="Вкл",(((IF(Статистика!$C$4="Параллельный режим (активная мощность)",D289,O289)+Статистика!$J$4))-Статистика!$C$10)/MAX(Статистика!$G$10-Статистика!$C$10,0.000001),NA())) -> 0.44937499 | BI289: =IF(A289="",NA(),IF(Статистика!$F$8="Вкл",(((IF(Статистика!$C$4="Параллельный режим (активная мощность)",H289,S289)+Статистика!$J$4))-Статистика!$C$10)/MAX(Статистика!$G$10-Статистика!$C$10,0.000001),NA())) -> 0.76246808 | BJ289: =IF(A289="",NA(),IF(Статистика!$H$8="Вкл",(((IF(Статистика!$C$4="Параллельный режим (активная мощность)",B289,M289)+Статистика!$J$4))-Статистика!$C$10)/MAX(Статистика!$G$10-Статистика!$C$10,0.000001),NA())) -> -1.2378832 | BK289: =IF(A289="",NA(),IF(Статистика!$H$8="Вкл",(((IF(Статистика!$C$4="Параллельный режим (активная мощность)",J289,U289)+Статистика!$J$4))-Статистика!$C$10)/MAX(Статистика!$G$10-Статистика!$C$10,0.000001),NA())) -> 0.80303821 | BL289: =IF(A289="",NA(),IF(Статистика!$J$8="Вкл",(((IF(Статистика!$C$4="Параллельный режим (активная мощность)",K289,V289)+Статистика!$J$4))-Статистика!$C$10)/MAX(Статистика!$G$10-Статистика!$C$10,0.000001),NA())) -> #N/A | BM289: =IF(AND(A289<>"",Статистика!$C$6="Вкл",Статистика!$B$6>0),(Статистика!$B$6-Статистика!$C$10)/MAX(Статистика!$G$10-Статистика!$C$10,0.000001),NA()) -> #N/A | BN289: =IF(AND(A289<>"",Статистика!$F$6="Вкл",Статистика!$E$6>0),(Статистика!$E$6-Статистика!$C$10)/MAX(Статистика!$G$10-Статистика!$C$10,0.000001),NA()) -> #N/A | BO289: =IF(AND(A289<>"",Статистика!$I$6="Вкл",Статистика!$H$6>0),(Статистика!$H$6-Статистика!$C$10)/MAX(Статистика!$G$10-Статистика!$C$10,0.000001),NA()) -> #N/A | BP289: =IF(AND(A289<>"",Статистика!$L$6="Вкл",Статистика!$K$6>0),(Статистика!$K$6-Статистика!$C$10)/MAX(Статистика!$G$10-Статистика!$C$10,0.000001),NA()) -> #N/A | BQ289: =IF(AND(A289<>"",Статистика!$M$6="Вкл",Статистика!$O$6>0),(Статистика!$O$6-Статистика!$C$10)/MAX(Статистика!$G$10-Статистика!$C$10,0.000001),NA()) -> #N/A | BR289: =IF(A289="",NA(),1) -> 1 | BT289: =IF(Y289="","",MAX(0,MIN(1,(((IF(Статистика!$C$4="Параллельный режим (активная мощность)",Z289,AK289)+Статистика!$J$4))-Статистика!$C$10)/MAX(Статистика!$G$10-Статистика!$C$10,0.000001)))) -> 0.53839897 | BU289: =IF(Y289="","",MAX(0,MAX(0,MIN(1,(((IF(Статистика!$C$4="Параллельный режим (активная мощность)",AB289,AM289)+Статистика!$J$4))-Статистика!$C$10)/MAX(Статистика!$G$10-Статистика!$C$10,0.000001)))-MAX(0,MIN(1,(((IF(Статистика!$C$4="Параллельный режим (активная мощность)",Z289,AK289)+Статистика!$J$4))-Статистика!$C$10)/MAX(Статистика!$G$10-Статистика!$C$10,0.000001))))) -> 0.0003433485 | BV289: =IF(Y289="","",MAX(0,MAX(0,MIN(1,(((IF(Статистика!$C$4="Параллельный режим (активная мощность)",AC289,AN289)+Статистика!$J$4))-Статистика!$C$10)/MAX(Статистика!$G$10-Статистика!$C$10,0.000001)))-MAX(0,MIN(1,(((IF(Статистика!$C$4="Параллельный режим (активная мощность)",AB289,AM289)+Статистика!$J$4))-Статистика!$C$10)/MAX(Статистика!$G$10-Статистика!$C$10,0.000001))))) -> 0.027054021 | BW289: =IF(Y289="","",MAX(0,MAX(0,MIN(1,(((IF(Статистика!$C$4="Параллельный режим (активная мощность)",AD289,AO289)+Статистика!$J$4))-Статистика!$C$10)/MAX(Статистика!$G$10-Статистика!$C$10,0.000001)))-MAX(0,MIN(1,(((IF(Статистика!$C$4="Параллельный режим (активная мощность)",AC289,AN289)+Статистика!$J$4))-Статистика!$C$10)/MAX(Статистика!$G$10-Статистика!$C$10,0.000001))))) -> 0.037150231 | BX289: =IF(Y289="","",MAX(0,MAX(0,MIN(1,(((IF(Статистика!$C$4="Параллельный режим (активная мощность)",AE289,AP289)+Статистика!$J$4))-Статистика!$C$10)/MAX(Статистика!$G$10-Статистика!$C$10,0.000001)))-MAX(0,MIN(1,(((IF(Статистика!$C$4="Параллельный режим (активная мощность)",AD289,AO289)+Статистика!$J$4))-Статистика!$C$10)/MAX(Статистика!$G$10-Статистика!$C$10,0.000001))))) -> 0.061042367 | BY289: =IF(Y289="","",MAX(0,MAX(0,MIN(1,(((IF(Статистика!$C$4="Параллельный режим (активная мощность)",AF289,AQ289)+Статистика!$J$4))-Статистика!$C$10)/MAX(Статистика!$G$10-Статистика!$C$10,0.000001)))-MAX(0,MIN(1,(((IF(Статистика!$C$4="Параллельный режим (активная мощность)",AE289,AP289)+Статистика!$J$4))-Статистика!$C$10)/MAX(Статистика!$G$10-Статистика!$C$10,0.000001))))) -> 0.13655676 | BZ289: =IF(Y289="","",MAX(0,MAX(0,MIN(1,(((IF(Статистика!$C$4="Параллельный режим (активная мощность)",AH289,AS289)+Статистика!$J$4))-Статистика!$C$10)/MAX(Статистика!$G$10-Статистика!$C$10,0.000001)))-MAX(0,MIN(1,(((IF(Статистика!$C$4="Параллельный режим (активная мощность)",AF289,AQ289)+Статистика!$J$4))-Статистика!$C$10)/MAX(Статистика!$G$10-Статистика!$C$10,0.000001))))) -> 0.020956353 | CA289: =IF(Y289="","",MAX(0,1-MAX(0,MIN(1,(((IF(Статистика!$C$4="Параллельный режим (активная мощность)",AH289,AS289)+Статистика!$J$4))-Статистика!$C$10)/MAX(Статистика!$G$10-Статистика!$C$10,0.000001))))) -> 0.17849795 | CB289: =IF(Y289="",NA(),IF(Статистика!$B$8="Вкл",(((IF(Статистика!$C$4="Параллельный режим (активная мощность)",AD289,AO289)+Статистика!$J$4))-Статистика!$C$10)/MAX(Статистика!$G$10-Статистика!$C$10,0.000001),NA())) -> 0.60294657 | CC289: =IF(Y289="",NA(),IF(Статистика!$D$8="Вкл",(((IF(Статистика!$C$4="Параллельный режим (активная мощность)",AC289,AN289)+Статистика!$J$4))-Статистика!$C$10)/MAX(Статистика!$G$10-Статистика!$C$10,0.000001),NA())) -> 0.56579634 | CD289: =IF(Y289="",NA(),IF(Статистика!$D$8="Вкл",(((IF(Статистика!$C$4="Параллельный режим (активная мощность)",AE289,AP289)+Статистика!$J$4))-Статистика!$C$10)/MAX(Статистика!$G$10-Статистика!$C$10,0.000001),NA())) -> 0.66398894 | CE289: =IF(Y289="",NA(),IF(Статистика!$F$8="Вкл",(((IF(Статистика!$C$4="Параллельный режим (активная мощность)",AB289,AM289)+Статистика!$J$4))-Статистика!$C$10)/MAX(Статистика!$G$10-Статистика!$C$10,0.000001),NA())) -> 0.53874232 | CF289: =IF(Y289="",NA(),IF(Статистика!$F$8="Вкл",(((IF(Статистика!$C$4="Параллельный режим (активная мощность)",AF289,AQ289)+Статистика!$J$4))-Статистика!$C$10)/MAX(Статистика!$G$10-Статистика!$C$10,0.000001),NA())) -> 0.8005457 | CG289: =IF(Y289="",NA(),IF(Статистика!$H$8="Вкл",(((IF(Статистика!$C$4="Параллельный режим (активная мощность)",Z289,AK289)+Статистика!$J$4))-Статистика!$C$10)/MAX(Статистика!$G$10-Статистика!$C$10,0.000001),NA())) -> 0.53839897 | CH289: =IF(Y289="",NA(),IF(Статистика!$H$8="Вкл",(((IF(Статистика!$C$4="Параллельный режим (активная мощность)",AH289,AS289)+Статистика!$J$4))-Статистика!$C$10)/MAX(Статистика!$G$10-Статистика!$C$10,0.000001),NA())) -> 0.82150205 | CI289: =IF(Y289="",NA(),IF(Статистика!$J$8="Вкл",(((IF(Статистика!$C$4="Параллельный режим (активная мощность)",AI289,AT289)+Статистика!$J$4))-Статистика!$C$10)/MAX(Статистика!$G$10-Статистика!$C$10,0.000001),NA())) -> #N/A | CJ289: =IF(AND(Y289<>"",Статистика!$C$6="Вкл",Статистика!$B$6>0),(Статистика!$B$6-Статистика!$C$10)/MAX(Статистика!$G$10-Статистика!$C$10,0.000001),NA()) -> #N/A | CK289: =IF(AND(Y289<>"",Статистика!$F$6="Вкл",Статистика!$E$6>0),(Статистика!$E$6-Статистика!$C$10)/MAX(Статистика!$G$10-Статистика!$C$10,0.000001),NA()) -> #N/A | CL289: =IF(AND(Y289<>"",Статистика!$I$6="Вкл",Статистика!$H$6>0),(Статистика!$H$6-Статистика!$C$10)/MAX(Статистика!$G$10-Статистика!$C$10,0.000001),NA()) -> #N/A | CM289: =IF(AND(Y289<>"",Статистика!$L$6="Вкл",Статистика!$K$6>0),(Статистика!$K$6-Статистика!$C$10)/MAX(Статистика!$G$10-Статистика!$C$10,0.000001),NA()) -> #N/A | CN289: =IF(AND(Y289<>"",Статистика!$M$6="Вкл",Статистика!$O$6>0),(Статистика!$O$6-Статистика!$C$10)/MAX(Статистика!$G$10-Статистика!$C$10,0.000001),NA()) -> #N/A | CO289: =IF(Y289="",NA(),1) -> 1
